region,month_key,month_start,is_winter,winter_label,cat1_mean_sec,cat2_mean_sec,cat1_incidents,cat2_incidents
Y56,201709,2017-09-01,false,,,,,
Y59,201808,2018-08-01,false,,441.962962962963,1013.4508958993065,5832.0,49894.0
Y63,201902,2019-02-01,true,2018-19,406.19958563535914,1325.999890817775,7240.0,54954.0
Y58,201906,2019-06-01,false,,419.0,1768.0,4269.0,39512.0
Y62,201909,2019-09-01,false,,444.0,1446.0,9870.0,49579.0
Y56,201911,2019-11-01,false,,405.0,1271.0,9871.0,63134.0
Y56,201912,2019-12-01,true,2019-20,422.0,1530.0,11050.0,66734.0
Y63,201912,2019-12-01,true,2019-20,447.62447552447554,1872.8004420254993,10010.0,66512.0
Y63,202001,2020-01-01,true,2019-20,404.84524669073403,1246.6932067202338,8310.0,60236.0
Y62,202001,2020-01-01,true,2019-20,427.0,1431.0,9803.0,52929.0
Y60,202002,2020-02-01,true,2019-20,444.40046430644225,1145.6779584169958,12061.0,77195.0
Y59,202004,2020-04-01,false,,382.4147774979009,830.3651398945971,7146.0,46678.0
Y63,202005,2020-05-01,false,,410.8245064243184,868.8301222712754,6382.0,49153.0
Y61,202008,2020-08-01,false,,428.0,1345.0,6690.0,41495.0
Y59,202010,2020-10-01,false,,422.86655578300923,1036.3929480582788,7816.0,55389.0
Y58,202010,2020-10-01,false,,476.0,1628.0,8100.0,40525.0
Y56,202012,2020-12-01,true,2020-21,394.0,2683.0,8349.0,65891.0
Y59,202104,2021-04-01,false,,422.6868145881153,1071.6066624075934,7842.0,54785.0
Y56,202104,2021-04-01,false,,339.0,992.0,7101.0,57666.0
Y59,202108,2021-08-01,false,,507.27931384719557,1635.0383595316644,8861.0,61836.0
Y56,202109,2021-09-01,false,,446.0,2874.0,10034.0,57888.0
Y61,202110,2021-10-01,false,,637.0,3361.0,8487.0,44657.0
Y59,202201,2022-01-01,true,2021-22,495.73517370452686,1557.4067291819126,8549.0,58759.0
Y63,202203,2022-03-01,false,,537.7416682010679,2533.066026168601,10862.0,59537.0
Y58,202206,2022-06-01,false,,688.0,4190.0,9435.0,36290.0
Y62,202208,2022-08-01,false,,475.0,2166.0,8900.0,47278.0
Y61,202211,2022-11-01,false,,629.0,3768.0,9097.0,36234.0
Y56,202212,2022-12-01,true,2022-23,635.0,5013.0,14135.0,51956.0
Y60,202212,2022-12-01,true,2022-23,601.0486049690439,6692.676578992562,24874.0,75697.0
Y62,202301,2023-01-01,true,2022-23,495.0,1757.0,8434.0,44972.0
Y61,202301,2023-01-01,true,2022-23,553.0,2944.0,8301.0,35667.0
Y59,202307,2023-07-01,false,,542.6606724966128,1872.9751146693354,8119.0,59955.0
Y59,202310,2023-10-01,false,,528.4728224548898,1995.1164454162113,8978.0,64030.0
Y56,202311,2023-11-01,false,,456.0,2478.0,12478.0,52139.0
Y63,202403,2024-03-01,false,,470.0392978965321,1849.2076393801042,14072.0,62204.0
Y60,202404,2024-04-01,false,,515.7561548929853,1855.847772418246,16166.0,78987.0
Y62,202408,2024-08-01,false,,449.0,1264.0,8771.0,46110.0
Y56,202409,2024-09-01,false,,457.0,2547.0,13473.0,53727.0
Y62,202411,2024-11-01,false,,478.0,2207.0,10105.0,48828.0
Y58,202412,2024-12-01,true,2024-25,594.0,3633.0,9982.0,45469.0
Y56,202506,2025-06-01,false,,427.0,1954.0,14116.0,57153.0
Y61,202508,2025-08-01,false,,512.0,1855.0,7798.0,42204.0
Y58,202604,2026-04-01,false,,537.0,1831.0,8155.0,41692.0
Y58,202606,2026-06-01,false,,581.0,2699.0,9361.0,44162.0
Y59,201709,2017-09-01,false,,,,,
Y63,201804,2018-04-01,false,,450.7772543741588,1198.025194765322,8916.0,52114.0
Y63,201805,2018-05-01,false,,460.940829026474,1244.8204117072464,9481.0,55282.0
Y60,201807,2018-07-01,false,,437.5260529382387,1325.767349636484,12014.0,75650.0
Y62,201808,2018-08-01,false,,473.0,1306.0,8372.0,46630.0
Y56,201809,2018-09-01,false,,376.0,1147.0,9408.0,55125.0
Y62,201809,2018-09-01,false,,475.0,1366.0,8005.0,47386.0
Y60,201811,2018-11-01,false,,443.73282127518996,1258.4038016656384,12108.0,77808.0
Y59,201812,2018-12-01,true,2018-19,451.093981618737,1148.9605260953338,6746.0,59685.0
Y56,201904,2019-04-01,false,,362.0,987.0,11459.0,57116.0
Y58,201904,2019-04-01,false,,420.0,1791.0,4242.0,39991.0
Y56,201905,2019-05-01,false,,368.0,1056.0,12021.0,58038.0
Y63,202004,2020-04-01,false,,413.99645006945514,1022.2219046646933,6479.0,48985.0
Y58,202009,2020-09-01,false,,464.0,1650.0,7629.0,40132.0
Y56,202010,2020-10-01,false,,333.0,913.0,7335.0,58316.0
Y58,202101,2021-01-01,true,2020-21,493.0,1743.0,8611.0,39383.0
Y61,202103,2021-03-01,false,,398.0,1098.0,5817.0,42374.0
Y58,202103,2021-03-01,false,,440.0,1357.0,7321.0,38623.0
Y59,202105,2021-05-01,false,,448.5448156682028,1218.3390198760762,8680.0,62135.0
Y63,202105,2021-05-01,false,,449.533094056793,1590.5933555455886,9473.0,62428.0
Y56,202110,2021-10-01,false,,422.0,2997.0,10898.0,60476.0
Y60,202201,2022-01-01,true,2021-22,499.3922464349651,2191.6098751970417,16199.0,84373.0
Y63,202202,2022-02-01,true,2021-22,488.5900011285408,1735.666211117955,8861.0,51952.0
Y62,202202,2022-02-01,true,2021-22,503.0,2134.0,11282.0,42780.0
Y61,202205,2022-05-01,false,,595.0,2990.0,7808.0,39236.0
Y60,202209,2022-09-01,false,,521.4263903401834,2915.4005879904257,17226.0,76872.0
Y56,202210,2022-10-01,false,,,,,
Y59,202211,2022-11-01,false,,565.6262836185819,1893.0691322334646,8180.0,60189.0
Y63,202305,2023-05-01,false,,480.2022241231822,1827.2970302197325,11690.0,57479.0
Y59,202306,2023-06-01,false,,556.2516831925573,1949.4978099959255,8169.0,58904.0
Y58,202306,2023-06-01,false,,578.0,2578.0,9884.0,38020.0
Y60,202309,2023-09-01,false,,502.04136082954676,2333.30529695438,17166.0,77554.0
Y62,202312,2023-12-01,true,2023-24,497.0,2313.0,10115.0,53596.0
Y58,202401,2024-01-01,true,2023-24,585.0,2686.0,9302.0,38940.0
Y63,202402,2024-02-01,true,2023-24,469.8847042513863,1885.5249287384574,12984.0,58587.0
Y58,202402,2024-02-01,true,2023-24,586.0,2584.0,8990.0,36933.0
Y56,202403,2024-03-01,false,,431.0,1991.0,13252.0,55424.0
Y56,202404,2024-04-01,false,,436.0,2092.0,12629.0,52078.0
Y56,202405,2024-05-01,false,,435.0,2144.0,13365.0,55481.0
Y58,202405,2024-05-01,false,,580.0,2440.0,9242.0,41819.0
Y56,202406,2024-06-01,false,,447.0,2384.0,13485.0,54703.0
Y56,202407,2024-07-01,false,,445.0,2334.0,14031.0,56078.0
Y56,202507,2025-07-01,false,,417.0,1846.0,14321.0,60223.0
Y61,202507,2025-07-01,false,,517.0,1955.0,8471.0,43153.0
Y62,202510,2025-10-01,false,,425.0,1657.0,11079.0,48643.0
Y60,202511,2025-11-01,false,,520.3255708022548,2260.1529005590864,17563.0,83708.0
Y58,202512,2025-12-01,true,2025-26,534.0,1977.0,9420.0,45167.0
Y61,202601,2026-01-01,true,2025-26,554.0,2824.0,9039.0,46959.0
Y61,202602,2026-02-01,true,2025-26,525.0,2231.0,7658.0,41023.0
Y60,202603,2026-03-01,false,,501.63475654514315,1562.3835373259833,16348.0,85624.0
Y60,202604,2026-04-01,false,,495.8346724946969,1394.2483721490041,15557.0,83085.0
Y59,201708,2017-08-01,false,,,,,
Y60,201709,2017-09-01,false,,452.70544918998525,1190.3057963163596,9506.0,59072.0
Y62,201710,2017-10-01,false,,569.0,1559.0,7820.0,52620.0
Y59,201712,2017-12-01,true,2017-18,489.299678751721,1132.2910253374378,6537.0,54899.0
Y56,201802,2018-02-01,true,2017-18,448.0,1401.0,7770.0,48706.0
Y59,201805,2018-05-01,false,,441.7900204359673,985.2621331714228,5872.0,49410.0
Y61,201808,2018-08-01,false,,485.0,1495.0,6474.0,38705.0
Y58,201902,2019-02-01,true,2018-19,421.0,1803.0,3938.0,37741.0
Y61,201903,2019-03-01,false,,455.0,1513.0,7197.0,43269.0
Y62,201905,2019-05-01,false,,427.0,1250.0,9261.0,51509.0
Y62,201908,2019-08-01,false,,436.0,1336.0,9831.0,49467.0
Y59,201910,2019-10-01,false,,453.2250823106854,1191.616681570604,6682.0,61505.0
Y56,202004,2020-04-01,false,,431.0,1413.0,7827.0,52149.0
Y59,202006,2020-06-01,false,,410.2459370056091,916.6095741568807,6953.0,47858.0
Y59,202007,2020-07-01,false,,425.20905285191,1005.5483439082601,7644.0,51537.0
Y56,202007,2020-07-01,false,,359.0,670.0,7044.0,54226.0
Y58,202008,2020-08-01,false,,443.0,1457.0,6065.0,41124.0
Y62,202009,2020-09-01,false,,447.0,1936.0,8539.0,49551.0
Y61,202012,2020-12-01,true,2020-21,438.0,1596.0,6487.0,46733.0
Y56,202102,2021-02-01,true,2020-21,314.0,701.0,5827.0,51194.0
Y62,202104,2021-04-01,false,,449.0,1432.0,9469.0,50788.0
Y62,202105,2021-05-01,false,,471.0,1633.0,11427.0,55571.0
Y63,202106,2021-06-01,false,,486.1958350020024,1873.1283116797792,9988.0,60883.0
Y58,202108,2021-08-01,false,,596.0,3232.0,9549.0,44571.0
Y60,202110,2021-10-01,false,,527.1387600168705,3123.7163502256717,18968.0,93277.0
Y60,202111,2021-11-01,false,,523.3573041318582,2779.6730538249985,17716.0,89085.0
Y58,202202,2022-02-01,true,2021-22,699.0,5125.0,7472.0,34676.0
Y56,202206,2022-06-01,false,,453.0,3344.0,11730.0,52640.0
Y58,202211,2022-11-01,false,,611.0,3331.0,10833.0,36639.0
Y63,202301,2023-01-01,true,2022-23,484.7036598689002,1658.8901682905225,10984.0,54192.0
Y60,202301,2023-01-01,true,2022-23,509.0417298053386,2092.422281441413,17158.0,75426.0
Y59,202302,2023-02-01,true,2022-23,522.5423033389926,1628.2919540229884,7068.0,53940.0
Y56,202302,2023-02-01,true,2022-23,470.0,2020.0,10229.0,46302.0
Y61,202303,2023-03-01,false,,574.0,3239.0,8519.0,38939.0
Y60,202305,2023-05-01,false,,497.91467889908256,2018.606469517396,17440.0,78553.0
Y58,202305,2023-05-01,false,,564.0,2202.0,9883.0,39137.0
Y63,202307,2023-07-01,false,,489.18957106812445,1838.766401161083,11890.0,57877.0
Y60,202308,2023-08-01,false,,494.34956026260375,1855.273168804018,16146.0,78446.0
Y60,202312,2023-12-01,true,2023-24,526.5401911496602,3070.857889027755,18101.0,84814.0
Y60,202401,2024-01-01,true,2023-24,521.7166028899424,2801.662377079034,17509.0,82370.0
Y60,202402,2024-02-01,true,2023-24,517.7736134657303,2558.031527952221,16516.0,78026.0
Y61,202403,2024-03-01,false,,529.0,2346.0,8566.0,42558.0
Y58,202406,2024-06-01,false,,580.0,2594.0,8820.0,40427.0
Y61,202410,2024-10-01,false,,582.0,3092.0,8530.0,42099.0
Y59,202412,2024-12-01,true,2024-25,526.0217651757189,1961.7918354145572,10016.0,71112.0
Y56,202501,2025-01-01,true,2024-25,440.0,2128.0,14569.0,60703.0
Y56,202504,2025-04-01,false,,402.0,1668.0,13274.0,56776.0
Y56,202508,2025-08-01,false,,401.0,1553.0,13130.0,58291.0
Y62,202511,2025-11-01,false,,430.0,1818.0,10961.0,48641.0
Y63,202512,2025-12-01,true,2025-26,444.7953475983308,1577.2983735785801,11263.0,66219.0
Y62,202512,2025-12-01,true,2025-26,429.0,2008.0,11510.0,49554.0
Y60,202512,2025-12-01,true,2025-26,515.0464342227315,2239.5176237174765,18327.0,88205.0
Y62,202605,2026-05-01,false,,415.0,1491.0,10810.0,48288.0
Y56,201710,2017-10-01,false,,,,,
Y62,201801,2018-01-01,true,2017-18,591.0,2399.0,10452.0,52623.0
Y63,201802,2018-02-01,true,2017-18,465.82002691186364,1409.1722519440743,8918.0,50281.0
Y62,201803,2018-03-01,false,,590.0,2204.0,10450.0,51616.0
Y56,201807,2018-07-01,false,,404.0,1247.0,10721.0,58926.0
Y58,201807,2018-07-01,false,,429.0,1685.0,5022.0,39543.0
Y63,201809,2018-09-01,false,,417.76629334772633,1218.0150350818576,7411.0,53874.0
Y58,201809,2018-09-01,false,,410.0,1620.0,4353.0,37725.0
Y63,201811,2018-11-01,false,,406.3904191616766,1293.038129209884,7515.0,57751.0
Y62,201812,2018-12-01,true,2018-19,461.0,1490.0,9273.0,53144.0
Y61,201812,2018-12-01,true,2018-19,447.0,1356.0,6998.0,43994.0
Y58,201812,2018-12-01,true,2018-19,409.0,1644.0,4488.0,42924.0
Y61,201908,2019-08-01,false,,465.0,1496.0,7157.0,41704.0
Y58,201908,2019-08-01,false,,434.0,1672.0,4417.0,40360.0
Y56,201909,2019-09-01,false,,401.0,1109.0,8976.0,57950.0
Y63,201911,2019-11-01,false,,436.7071087944993,1677.2461283185842,9017.0,63280.0
Y62,201912,2019-12-01,true,2019-20,449.0,1896.0,11276.0,57592.0
Y59,202003,2020-03-01,false,,467.88964617169376,1235.2329828063955,6896.0,58103.0
Y62,202005,2020-05-01,false,,410.0,911.0,6423.0,43931.0
Y61,202007,2020-07-01,false,,401.0,1152.0,6057.0,39347.0
Y60,202009,2020-09-01,false,,444.4711463680199,1219.6698543381888,12858.0,78950.0
Y62,202011,2020-11-01,false,,471.0,1737.0,7981.0,48711.0
Y58,202102,2021-02-01,true,2020-21,448.0,1454.0,6264.0,34278.0
Y58,202104,2021-04-01,false,,455.0,1509.0,7806.0,39441.0
Y56,202105,2021-05-01,false,,366.0,1200.0,8429.0,63418.0
Y62,202106,2021-06-01,false,,499.0,2295.0,12458.0,54028.0
Y56,202107,2021-07-01,false,,419.0,2389.0,10197.0,63554.0
Y62,202112,2021-12-01,true,2021-22,545.0,4003.0,14826.0,49880.0
Y58,202201,2022-01-01,true,2021-22,614.0,3445.0,7439.0,39083.0
Y63,202204,2022-04-01,false,,535.5777030273907,2581.4727005045156,10405.0,55697.0
Y59,202206,2022-06-01,false,,562.8883157389636,2260.053076923077,8336.0,59800.0
Y56,202209,2022-09-01,false,,434.0,2435.0,7508.0,36841.0
Y63,202209,2022-09-01,false,,555.5013513513513,2452.5253258214625,10360.0,56089.0
Y58,202212,2022-12-01,true,2022-23,791.0,9553.0,14929.0,34817.0
Y58,202303,2023-03-01,false,,587.0,3156.0,10033.0,37945.0
Y58,202307,2023-07-01,false,,558.0,2140.0,9725.0,39189.0
Y56,202308,2023-08-01,false,,443.0,2050.0,11740.0,52998.0
Y63,202309,2023-09-01,false,,485.0395184723952,2004.5996710008226,12045.0,57143.0
Y59,202312,2023-12-01,true,2023-24,526.310802594244,2086.4961126660446,9868.0,67527.0
Y56,202408,2024-08-01,false,,420.0,1818.0,12682.0,54421.0
Y62,202409,2024-09-01,false,,462.0,1735.0,9232.0,47799.0
Y56,202411,2024-11-01,false,,452.0,2510.0,14470.0,57513.0
Y59,202504,2025-04-01,false,,476.6149097262667,1432.1089072446994,8585.0,57021.0
Y63,202504,2025-04-01,false,,432.03750997605744,1395.6776351316041,12530.0,57407.0
Y59,202505,2025-05-01,false,,487.7012188544925,1560.4856484823486,9271.0,58182.0
Y56,202512,2025-12-01,true,2025-26,425.0,1938.0,15688.0,63817.0
Y56,202603,2026-03-01,false,,414.0,1551.0,14554.0,59665.0
Y59,202605,2026-05-01,false,,504.8091588241001,1772.6233262361013,10307.0,63405.0
Y56,202605,2026-05-01,false,,420.0,1941.0,15471.0,62070.0
Y58,202605,2026-05-01,false,,562.0,2424.0,8946.0,44915.0
Y63,202606,2026-06-01,false,,438.23594296475653,1407.5977821714089,11151.0,58165.0
Y63,201711,2017-11-01,false,,434.48345286442583,1213.7500950247065,11573.0,49987.0
Y62,201711,2017-11-01,false,,584.0,1834.0,7758.0,52872.0
Y61,201711,2017-11-01,false,,521.0,1468.0,6109.0,36475.0
Y61,201712,2017-12-01,true,2017-18,551.0,1925.0,7084.0,42475.0
Y63,201807,2018-07-01,false,,422.37359098228666,1195.0303553317556,8073.0,56201.0
Y63,201810,2018-10-01,false,,411.98505539809327,1211.568588469185,7762.0,56336.0
Y56,201812,2018-12-01,true,2018-19,378.0,1241.0,12148.0,60714.0
Y59,201909,2019-09-01,false,,453.182021753039,1134.505922771356,6252.0,55886.0
Y58,201910,2019-10-01,false,,422.0,1699.0,4861.0,42243.0
Y61,201912,2019-12-01,true,2019-20,497.0,1918.0,8520.0,47950.0
Y58,201912,2019-12-01,true,2019-20,428.0,1807.0,5726.0,46909.0
Y61,202001,2020-01-01,true,2019-20,467.0,1508.0,7347.0,44396.0
Y59,202002,2020-02-01,true,2019-20,456.0042802111571,1130.5946444563854,7009.0,55830.0
Y61,202002,2020-02-01,true,2019-20,495.0,1666.0,6808.0,41196.0
Y60,202003,2020-03-01,false,,455.16261725357526,1247.4219181949722,13006.0,85007.0
Y58,202007,2020-07-01,false,,407.0,1199.0,4796.0,38674.0
Y63,202009,2020-09-01,false,,441.6708625944084,1395.336359899194,7547.0,55949.0
Y61,202010,2020-10-01,false,,427.0,1425.0,6293.0,42921.0
Y59,202102,2021-02-01,true,2020-21,400.5359385903699,903.0025283402068,7165.0,48253.0
Y61,202102,2021-02-01,true,2020-21,404.0,1099.0,5232.0,38445.0
Y60,202106,2021-06-01,false,,463.2104086845466,1749.4305561633046,15660.0,91412.0
Y58,202106,2021-06-01,false,,518.0,2233.0,9669.0,44291.0
Y59,202111,2021-11-01,false,,531.4008528784648,1834.8923455101908,8911.0,61428.0
Y62,202204,2022-04-01,false,,511.0,2825.0,13081.0,46458.0
Y60,202206,2022-06-01,false,,535.1058917197453,3634.9826499391766,18840.0,81383.0
Y61,202206,2022-06-01,false,,615.0,3408.0,7862.0,37110.0
Y59,202209,2022-09-01,false,,575.6738110336081,2284.306728402499,7885.0,58097.0
Y58,202209,2022-09-01,false,,670.0,4134.0,9528.0,34654.0
Y62,202211,2022-11-01,false,,533.0,2656.0,9343.0,48742.0
Y59,202301,2023-01-01,true,2022-23,491.48277634961437,1380.0157126627632,7780.0,57215.0
Y60,202302,2023-02-01,true,2022-23,510.1536575925687,2065.078258226089,15502.0,69079.0
Y56,202305,2023-05-01,false,,453.0,2519.0,12300.0,51940.0
Y60,202307,2023-07-01,false,,499.0111039682076,1931.4482792868848,17111.0,80548.0
Y61,202308,2023-08-01,false,,539.0,2496.0,8024.0,39247.0
Y58,202309,2023-09-01,false,,578.0,2848.0,10349.0,39432.0
Y63,202312,2023-12-01,true,2023-24,503.2265005662514,2684.356256383275,15011.0,64622.0
Y59,202405,2024-05-01,false,,514.0211360634082,1756.612021412018,9084.0,61274.0
Y62,202406,2024-06-01,false,,464.0,1613.0,9643.0,48184.0
Y61,202412,2024-12-01,true,2024-25,587.0,3440.0,9557.0,45473.0
Y58,202502,2025-02-01,true,2024-25,550.0,2428.0,7882.0,37878.0
Y60,202503,2025-03-01,false,,493.2718615796353,1703.391291613785,16067.0,81944.0
Y60,202504,2025-04-01,false,,487.3711580858514,1571.7018685016826,15422.0,79636.0
Y61,202504,2025-04-01,false,,516.0,2178.0,8075.0,39861.0
Y61,202506,2025-06-01,false,,508.0,1971.0,8139.0,40484.0
Y63,202508,2025-08-01,false,,438.39146970931813,1378.772832329458,11043.0,57112.0
Y58,202508,2025-08-01,false,,543.0,1927.0,8443.0,41485.0
Y63,202509,2025-09-01,false,,443.69491043502984,1530.6749190630355,10551.0,57761.0
Y62,202509,2025-09-01,false,,427.0,1500.0,9710.0,46516.0
Y59,202604,2026-04-01,false,,483.27823385844243,1425.3272469568117,9014.0,59970.0
Y62,201709,2017-09-01,false,,590.0,1505.0,7521.0,47669.0
Y60,201710,2017-10-01,false,,443.3411078717201,1194.5242833417576,11319.0,69245.0
Y56,201711,2017-11-01,false,,424.0,1107.0,7658.0,52321.0
Y56,201712,2017-12-01,true,2017-18,444.0,1451.0,8551.0,56491.0
Y63,201712,2017-12-01,true,2017-18,474.07027577561894,1658.6244551733387,12764.0,59652.0
Y62,201802,2018-02-01,true,2017-18,531.0,1913.0,8662.0,43455.0
Y63,201803,2018-03-01,false,,470.7544387914028,1480.908192466983,9631.0,56259.0
Y58,201806,2018-06-01,false,,458.0,1592.0,5366.0,36884.0
Y56,201902,2019-02-01,true,2018-19,397.0,1341.0,11499.0,54833.0
Y62,201902,2019-02-01,true,2018-19,481.0,1620.0,8763.0,47234.0
Y59,201903,2019-03-01,false,,444.6293316831683,1161.7807785467128,6464.0,57800.0
Y58,201905,2019-05-01,false,,406.0,1712.0,4116.0,40532.0
Y59,201906,2019-06-01,false,,444.3117714660975,1174.3640309187754,6091.0,55759.0
Y56,201907,2019-07-01,false,,395.0,1263.0,12560.0,59730.0
Y61,202005,2020-05-01,false,,377.0,891.0,5522.0,35801.0
Y63,202006,2020-06-01,false,,398.71500156592543,916.8412612068097,6386.0,49635.0
Y63,202007,2020-07-01,false,,404.6035734226689,1022.6032155543093,7164.0,53490.0
Y63,202102,2021-02-01,true,2020-21,417.93302325581396,1377.0834380497613,6450.0,51727.0
Y56,202106,2021-06-01,false,,393.0,1641.0,9357.0,63816.0
Y59,202107,2021-07-01,false,,503.4129301355579,1687.1649258424209,9590.0,65199.0
Y58,202112,2021-12-01,true,2021-22,698.0,4396.0,8205.0,42371.0
Y59,202203,2022-03-01,false,,598.8936194629332,2730.762586537524,8714.0,61534.0
Y58,202203,2022-03-01,false,,787.0,6823.0,8970.0,37716.0
Y56,202204,2022-04-01,false,,400.0,2269.0,9966.0,53235.0
Y62,202212,2022-12-01,true,2022-23,598.0,4331.0,11001.0,49187.0
Y56,202301,2023-01-01,true,2022-23,464.0,1770.0,10678.0,49769.0
Y59,202304,2023-04-01,false,,499.87134578235674,1502.6278120767593,7765.0,56853.0
Y60,202304,2023-04-01,false,,494.8822324011572,1806.4296513300724,16592.0,76462.0
Y56,202306,2023-06-01,false,,480.0,2737.0,12729.0,51699.0
Y62,202311,2023-11-01,false,,487.0,1924.0,9192.0,49787.0
Y61,202311,2023-11-01,false,,555.0,2766.0,8431.0,39758.0
Y63,202401,2024-01-01,true,2023-24,473.93092224231464,2089.5677659691028,13825.0,63889.0
Y59,202402,2024-02-01,true,2023-24,509.4468412942989,1704.6413659087511,8437.0,60209.0
Y60,202405,2024-05-01,false,,512.5619417700963,1879.4750524846945,17242.0,79547.0
Y61,202407,2024-07-01,false,,541.0,2322.0,8193.0,41800.0
Y63,202408,2024-08-01,false,,445.4860661049903,1479.7909175585667,12344.0,56901.0
Y63,202412,2024-12-01,true,2024-25,476.5712653890088,2402.604651514464,15758.0,66129.0
Y62,202412,2024-12-01,true,2024-25,483.0,2542.0,10988.0,51499.0
Y63,202501,2025-01-01,true,2024-25,453.184493576337,1694.5412995141235,13388.0,60715.0
Y58,202501,2025-01-01,true,2024-25,580.0,3105.0,9027.0,42456.0
Y63,202503,2025-03-01,false,,454.27376510968514,1532.2626959247648,13402.0,59015.0
Y62,202504,2025-04-01,false,,427.0,1432.0,9492.0,46032.0
Y58,202504,2025-04-01,false,,537.0,2200.0,8171.0,39942.0
Y61,202505,2025-05-01,false,,505.0,1931.0,8176.0,40547.0
Y61,202509,2025-09-01,false,,525.0,2159.0,7750.0,41430.0
Y63,202510,2025-10-01,false,,447.5502512562814,1544.4025522041763,11144.0,62064.0
Y61,202510,2025-10-01,false,,543.0,2441.0,8407.0,44457.0
Y63,202603,2026-03-01,false,,433.1158605174353,1424.7232808891695,10668.0,60191.0
Y59,202606,2026-06-01,false,,508.4739558892539,2028.0832935104654,10655.0,62778.0
Y61,201710,2017-10-01,false,,,,,
Y56,201804,2018-04-01,false,,409.0,1004.0,8732.0,54667.0
Y58,201810,2018-10-01,false,,422.0,1622.0,4554.0,38797.0
Y61,201811,2018-11-01,false,,487.0,1550.0,6487.0,40945.0
Y59,201902,2019-02-01,true,2018-19,467.5302491103203,1287.0774637654836,5901.0,55058.0
Y60,201902,2019-02-01,true,2018-19,433.245,1237.8540925266905,10600.0,75589.0
Y56,201903,2019-03-01,false,,378.0,1095.0,12566.0,58412.0
Y61,201904,2019-04-01,false,,472.0,1611.0,6975.0,42070.0
Y56,201906,2019-06-01,false,,398.0,1290.0,12511.0,56879.0
Y58,202001,2020-01-01,true,2019-20,411.0,1556.0,5249.0,42101.0
Y58,202002,2020-02-01,true,2019-20,417.0,1607.0,4961.0,38451.0
Y63,202003,2020-03-01,false,,459.8919409761634,1507.340196267077,8810.0,57167.0
Y61,202003,2020-03-01,false,,503.0,1884.0,7429.0,44385.0
Y59,202005,2020-05-01,false,,381.83876626224236,800.5307079836454,6841.0,46470.0
Y60,202008,2020-08-01,false,,424.0054598191435,1025.550197996739,11722.0,77274.0
Y60,202010,2020-10-01,false,,448.96383659498474,1287.1331616989387,13439.0,82734.0
Y63,202011,2020-11-01,false,,464.3296922871986,1613.2974866450652,7507.0,57095.0
Y60,202011,2020-11-01,false,,426.3578608765581,1218.3198067872797,12435.0,80533.0
Y62,202103,2021-03-01,false,,433.0,1244.0,8864.0,49674.0
Y63,202107,2021-07-01,false,,522.8895661527429,2364.4053004236057,11156.0,65391.0
Y58,202107,2021-07-01,false,,579.0,3037.0,10617.0,45791.0
Y62,202108,2021-08-01,false,,522.0,2945.0,12585.0,51923.0
Y62,202110,2021-10-01,false,,554.0,4062.0,14487.0,51131.0
Y56,202112,2021-12-01,true,2021-22,429.0,3150.0,10968.0,61934.0
Y63,202112,2021-12-01,true,2021-22,552.1656084656084,2835.312017053024,11340.0,60048.0
Y56,202202,2022-02-01,true,2021-22,404.0,2251.0,8982.0,51014.0
Y60,202202,2022-02-01,true,2021-22,511.94490232980723,2399.82019812736,15409.0,77324.0
Y59,202205,2022-05-01,false,,512.4658512957133,1658.9835270507567,8258.0,59795.0
Y60,202207,2022-07-01,false,,543.9592242424243,4124.93986740116,20625.0,82052.0
Y61,202210,2022-10-01,false,,672.0,5214.0,9640.0,35769.0
Y58,202210,2022-10-01,false,,671.0,4356.0,10663.0,36445.0
Y60,202306,2023-06-01,false,,512.2307821510553,2286.676106474706,17861.0,75849.0
Y59,202308,2023-08-01,false,,514.4925373134329,1620.3995267503524,8040.0,59588.0
Y56,202309,2023-09-01,false,,459.0,2383.0,12208.0,53324.0
Y62,202401,2024-01-01,true,2023-24,493.0,2166.0,9858.0,52756.0
Y60,202403,2024-03-01,false,,517.6757355447006,2266.6476625129926,17606.0,83701.0
Y59,202404,2024-04-01,false,,492.8193217100549,1529.5908450345519,8374.0,58897.0
Y63,202405,2024-05-01,false,,459.9371179652919,1809.692072028029,14233.0,61365.0
Y59,202407,2024-07-01,false,,541.8659223817118,2179.6659322365845,9405.0,61272.0
Y63,202407,2024-07-01,false,,454.82846447445684,1657.5669684462787,13624.0,60088.0
Y59,202409,2024-09-01,false,,523.7661609498681,2025.1895227047291,9096.0,59481.0
Y60,202410,2024-10-01,false,,535.9283689489752,2754.334606415832,18344.0,79335.0
Y58,202505,2025-05-01,false,,554.0,2176.0,8685.0,41156.0
Y59,202603,2026-03-01,false,,496.7126989212859,1610.0444967104218,9363.0,62926.0
Y61,202605,2026-05-01,false,,497.0,1787.0,8593.0,45414.0
Y56,201810,2018-10-01,false,,367.0,1049.0,10379.0,56699.0
Y62,201901,2019-01-01,true,2018-19,471.0,1584.0,9571.0,53757.0
Y63,201905,2019-05-01,false,,396.5713549716641,1259.164974225471,7764.0,58003.0
Y56,201908,2019-08-01,false,,396.0,1108.0,10303.0,58357.0
Y58,202006,2020-06-01,false,,401.0,1102.0,4247.0,34511.0
Y62,202007,2020-07-01,false,,426.0,1254.0,7642.0,48575.0
Y62,202008,2020-08-01,false,,447.0,1657.0,8528.0,49476.0
Y60,202104,2021-04-01,false,,418.0703821916687,1134.687388401047,12219.0,81766.0
Y62,202109,2021-09-01,false,,552.0,3432.0,13355.0,50364.0
Y59,202110,2021-10-01,false,,550.1863414634146,2110.7548746941443,9225.0,65799.0
Y63,202111,2021-11-01,false,,563.9189537668079,2493.062330623306,10858.0,59778.0
Y58,202111,2021-11-01,false,,662.0,4420.0,8232.0,43100.0
Y59,202112,2021-12-01,true,2021-22,524.200570550801,2009.4102482545843,9114.0,62879.0
Y62,202201,2022-01-01,true,2021-22,511.0,2617.0,12509.0,46149.0
Y62,202203,2022-03-01,false,,544.0,3478.0,14688.0,47338.0
Y63,202206,2022-06-01,false,,535.2096247960849,2612.8024114386976,11034.0,57559.0
Y58,202207,2022-07-01,false,,708.0,4538.0,10213.0,36938.0
Y59,202208,2022-08-01,false,,561.1804802478699,1986.4315157560966,7746.0,56137.0
Y63,202212,2022-12-01,true,2022-23,640.1571065824598,5052.356082248792,15359.0,56706.0
Y58,202302,2023-02-01,true,2022-23,565.0,2399.0,8551.0,33475.0
Y62,202305,2023-05-01,false,,469.0,1322.0,8671.0,49955.0
Y63,202308,2023-08-01,false,,485.4301588679573,1798.5377550304986,11519.0,57052.0
Y56,202310,2023-10-01,false,,442.0,2272.0,12783.0,56057.0
Y58,202310,2023-10-01,false,,602.0,3298.0,10925.0,39052.0
Y61,202408,2024-08-01,false,,520.0,2018.0,7823.0,39757.0
Y58,202408,2024-08-01,false,,575.0,1948.0,8112.0,40285.0
Y59,202410,2024-10-01,false,,528.7508259618459,2034.8168007564836,9383.0,64509.0
Y63,202507,2025-07-01,false,,441.3393845089903,1431.4067848934928,11568.0,58306.0
Y60,202509,2025-09-01,false,,506.11623616236164,1912.110710607621,15718.0,79622.0
Y59,202602,2026-02-01,true,2025-26,495.91576874058626,1670.293809096556,8631.0,57956.0
Y58,202602,2026-02-01,true,2025-26,538.0,2051.0,7693.0,39253.0
Y62,202604,2026-04-01,false,,411.0,1395.0,10031.0,46628.0
Y60,201708,2017-08-01,false,,480.0,1405.0,4260.0,30513.0
Y62,201712,2017-12-01,true,2017-18,677.0,2689.0,10295.0,57992.0
Y56,201803,2018-03-01,false,,444.0,1401.0,8660.0,54677.0
Y62,201804,2018-04-01,false,,471.0,1419.0,9156.0,45525.0
Y58,201804,2018-04-01,false,,511.0,1403.0,5223.0,34368.0
Y61,201807,2018-07-01,false,,512.0,1555.0,7034.0,40202.0
Y59,201810,2018-10-01,false,,438.0179357573781,1067.856875990641,6133.0,52996.0
Y60,201810,2018-10-01,false,,434.9488022139583,1202.1872235164778,11563.0,76406.0
Y60,201812,2018-12-01,true,2018-19,437.7573187637609,1276.6763761947952,12263.0,85998.0
Y60,201901,2019-01-01,true,2018-19,433.3978961429287,1248.4220353494482,11978.0,85263.0
Y58,201901,2019-01-01,true,2018-19,404.0,1760.0,4256.0,42606.0
Y63,201904,2019-04-01,false,,404.7648537779542,1315.9982533666357,7557.0,57253.0
Y61,201905,2019-05-01,false,,462.0,1586.0,7006.0,42306.0
Y61,201906,2019-06-01,false,,478.0,1636.0,6961.0,40798.0
Y62,201907,2019-07-01,false,,444.0,1411.0,10093.0,50763.0
Y60,201908,2019-08-01,false,,425.1038080333855,1229.0367962094863,11502.0,79356.0
Y61,201910,2019-10-01,false,,489.0,1765.0,7792.0,43811.0
Y58,201911,2019-11-01,false,,430.0,1759.0,4771.0,42832.0
Y63,202002,2020-02-01,true,2019-20,414.89261744966444,1216.5466325971893,7748.0,54790.0
Y56,202003,2020-03-01,false,,591.0,3682.0,10534.0,66501.0
Y61,202004,2020-04-01,false,,476.0,1307.0,7201.0,35709.0
Y56,202006,2020-06-01,false,,346.0,573.0,6512.0,50637.0
Y62,202006,2020-06-01,false,,413.0,1069.0,6688.0,45477.0
Y63,202008,2020-08-01,false,,425.3533431595873,1213.4083794408853,7463.0,54944.0
Y61,202101,2021-01-01,true,2020-21,451.0,1776.0,6661.0,49275.0
Y61,202104,2021-04-01,false,,409.0,1201.0,5877.0,42988.0
Y62,202107,2021-07-01,false,,542.0,3376.0,14128.0,54991.0
Y61,202109,2021-09-01,false,,595.0,2914.0,7619.0,44640.0
Y58,202110,2021-10-01,false,,708.0,5065.0,9015.0,45254.0
Y61,202111,2021-11-01,false,,686.0,3108.0,8640.0,42087.0
Y60,202112,2021-12-01,true,2021-22,516.3236510008703,3089.619236617325,18384.0,89444.0
Y56,202201,2022-01-01,true,2021-22,397.0,2096.0,9498.0,56829.0
Y56,202203,2022-03-01,false,,433.0,3057.0,11070.0,57122.0
Y60,202205,2022-05-01,false,,516.5251504610458,2557.4471349397018,18111.0,84082.0
Y62,202207,2022-07-01,false,,519.0,3029.0,13104.0,48665.0
Y61,202208,2022-08-01,false,,617.0,3682.0,8321.0,35630.0
Y58,202208,2022-08-01,false,,687.0,3578.0,9327.0,35141.0
Y61,202209,2022-09-01,false,,649.0,4452.0,8562.0,35787.0
Y62,202302,2023-02-01,true,2022-23,490.0,1356.0,7440.0,41425.0
Y59,202303,2023-03-01,false,,554.6385348347977,1936.3020239220416,8081.0,61366.0
Y56,202303,2023-03-01,false,,486.0,2351.0,12185.0,53488.0
Y61,202305,2023-05-01,false,,530.0,2268.0,8069.0,38629.0
Y63,202306,2023-06-01,false,,504.11590850681057,1994.7083281574417,11673.0,56351.0
Y56,202307,2023-07-01,false,,432.0,1923.0,11903.0,53375.0
Y61,202307,2023-07-01,false,,528.0,2268.0,8122.0,38606.0
Y60,202310,2023-10-01,false,,527.9650883244486,2981.862842707482,19134.0,80754.0
Y58,202410,2024-10-01,false,,624.0,3457.0,9333.0,42442.0
Y60,202411,2024-11-01,false,,539.9028627090211,2845.759926733493,18479.0,79709.0
Y61,202503,2025-03-01,false,,499.0,1945.0,8299.0,42744.0
Y62,202506,2025-06-01,false,,435.0,1539.0,10143.0,47041.0
Y59,202507,2025-07-01,false,,522.4331248138219,1916.0553057628013,10071.0,60717.0
Y58,202507,2025-07-01,false,,544.0,1912.0,8708.0,41832.0
Y60,202508,2025-08-01,false,,495.2347740667976,1670.213952079178,15270.0,79214.0
Y56,202510,2025-10-01,false,,422.0,1833.0,14503.0,62387.0
Y56,202511,2025-11-01,false,,429.0,2128.0,14932.0,61241.0
Y63,202602,2026-02-01,true,2025-26,437.38856015779095,1450.4916792738275,9633.0,55524.0
Y62,201708,2017-08-01,false,,607.0,1460.0,5973.0,37433.0
Y56,201801,2018-01-01,true,2017-18,429.0,1223.0,8472.0,55562.0
Y60,201801,2018-01-01,true,2017-18,489.31396500495214,1431.8780114818621,12116.0,79778.0
Y59,201802,2018-02-01,true,2017-18,466.8820415879017,1027.5109390474477,5290.0,44428.0
Y62,201805,2018-05-01,false,,490.0,1486.0,9688.0,48657.0
Y63,201806,2018-06-01,false,,433.8853339560953,1204.4611650485438,8564.0,53148.0
Y59,201809,2018-09-01,false,,451.50580710318127,1077.1763475975229,5941.0,50219.0
Y60,201809,2018-09-01,false,,426.84502009825815,1278.2965943113772,11195.0,74816.0
Y59,201901,2019-01-01,true,2018-19,451.62227342549926,1147.1244102513522,6510.0,60831.0
Y63,201901,2019-01-01,true,2018-19,405.16558242297776,1334.976092094474,8147.0,62197.0
Y56,202002,2020-02-01,true,2019-20,407.0,1323.0,9158.0,58526.0
Y62,202002,2020-02-01,true,2019-20,435.0,1465.0,8879.0,47867.0
Y62,202003,2020-03-01,false,,470.0,2257.0,9855.0,51929.0
Y59,202008,2020-08-01,false,,436.94005920078934,1103.242811443856,8108.0,55331.0
Y60,202012,2020-12-01,true,2020-21,429.9654550916191,1220.487575872534,13316.0,84352.0
Y59,202101,2021-01-01,true,2020-21,457.3602499693665,1496.2221041767848,8161.0,65888.0
Y63,202108,2021-08-01,false,,506.7477477477477,2233.3682941923716,10101.0,61402.0
Y59,202109,2021-09-01,false,,526.3755313038483,1787.0171015798448,8705.0,62158.0
Y63,202109,2021-09-01,false,,540.8070739549839,2391.041516702996,9952.0,59181.0
Y61,202204,2022-04-01,false,,617.0,3830.0,8062.0,38847.0
Y56,202208,2022-08-01,false,,458.0,2534.0,10256.0,49649.0
Y62,202209,2022-09-01,false,,523.0,2294.0,8385.0,47288.0
Y60,202303,2023-03-01,false,,515.195275764784,2438.684641586936,18077.0,79852.0
Y62,202307,2023-07-01,false,,492.0,1522.0,8850.0,50013.0
Y59,202309,2023-09-01,false,,543.0547178432716,2027.344424995046,8754.0,60556.0
Y58,202311,2023-11-01,false,,588.0,2662.0,10075.0,37178.0
Y58,202312,2023-12-01,true,2023-24,604.0,3082.0,10665.0,38842.0
Y56,202402,2024-02-01,true,2023-24,441.0,2221.0,12469.0,52841.0
Y59,202408,2024-08-01,false,,513.8103866128101,1697.8619850542775,8665.0,57943.0
Y59,202411,2024-11-01,false,,537.2909478168264,1931.396592918981,9390.0,64454.0
Y60,202412,2024-12-01,true,2024-25,543.508660163249,3290.137798427795,20092.0,82432.0
Y56,202502,2025-02-01,true,2024-25,434.0,1877.0,12719.0,54067.0
Y60,202502,2025-02-01,true,2024-25,503.87682843472317,1891.0548080348578,14630.0,72982.0
Y62,202603,2026-03-01,false,,411.0,1473.0,10303.0,47507.0
Y63,202605,2026-05-01,false,,442.118237190971,1325.4836320991792,11164.0,59690.0
Y60,202605,2026-05-01,false,,496.935654676259,1676.4360622180966,17375.0,84027.0
Y58,201711,2017-11-01,false,,627.0,1743.0,1310.0,9408.0
Y63,201801,2018-01-01,true,2017-18,468.64564107158856,1545.093406985032,11161.0,56120.0
Y58,201802,2018-02-01,true,2017-18,558.0,1900.0,5037.0,34445.0
Y60,201803,2018-03-01,false,,515.4897941754206,1725.7397973652323,11709.0,77578.0
Y61,201803,2018-03-01,false,,527.0,1646.0,6767.0,40518.0
Y60,201804,2018-04-01,false,,467.76060138781804,1262.2868499934837,10376.0,69057.0
Y56,201805,2018-05-01,false,,412.0,1107.0,9890.0,57692.0
Y60,201805,2018-05-01,false,,452.60131856057137,1243.559318790662,10921.0,73164.0
Y59,201806,2018-06-01,false,,442.578125,991.0878671562083,5888.0,47936.0
Y62,201806,2018-06-01,false,,498.0,1395.0,9355.0,46984.0
Y63,201812,2018-12-01,true,2018-19,412.15693342946406,1373.8556834325666,8322.0,62647.0
Y61,201902,2019-02-01,true,2018-19,470.0,1562.0,6707.0,40400.0
Y60,201909,2019-09-01,false,,437.43431194249587,1211.6681569423051,11547.0,79851.0
Y58,201909,2019-09-01,false,,431.0,1803.0,4463.0,39718.0
Y63,201910,2019-10-01,false,,426.4327225414724,1523.0090811965813,9223.0,61776.0
Y60,201910,2019-10-01,false,,444.74823657080844,1339.0286404537655,12901.0,85683.0
Y60,202001,2020-01-01,true,2019-20,436.3737623762376,1154.2099543346667,12928.0,84747.0
Y58,202004,2020-04-01,false,,391.0,1034.0,3825.0,29960.0
Y60,202006,2020-06-01,false,,400.40772878619714,811.5119843281863,9911.0,69424.0
Y59,202009,2020-09-01,false,,429.4330115064145,1092.1494244378337,7561.0,54121.0
Y61,202105,2021-05-01,false,,451.0,1531.0,6759.0,48428.0
Y61,202106,2021-06-01,false,,487.0,1923.0,6996.0,48219.0
Y61,202112,2021-12-01,true,2021-22,693.0,3660.0,9522.0,43346.0
Y61,202202,2022-02-01,true,2021-22,643.0,3224.0,7921.0,37494.0
Y60,202203,2022-03-01,false,,542.392055631651,3629.508655187923,18982.0,86711.0
Y61,202203,2022-03-01,false,,686.0,4949.0,8571.0,40834.0
Y63,202205,2022-05-01,false,,493.1552447552448,2091.3084648987033,10725.0,58146.0
Y60,202211,2022-11-01,false,,524.6234279180958,3141.3814676954175,19242.0,81134.0
Y59,202305,2023-05-01,false,,504.9221179955567,1591.22784620506,8102.0,60080.0
Y62,202309,2023-09-01,false,,494.0,1747.0,9005.0,49488.0
Y56,202401,2024-01-01,true,2023-24,445.0,2210.0,13454.0,57357.0
Y62,202403,2024-03-01,false,,476.0,1462.0,9483.0,51604.0
Y58,202403,2024-03-01,false,,593.0,2754.0,9752.0,40135.0
Y63,202404,2024-04-01,false,,449.08564231738035,1581.4818036203303,12704.0,58061.0
Y62,202404,2024-04-01,false,,460.0,1308.0,8832.0,48712.0
Y61,202404,2024-04-01,false,,537.0,2443.0,8030.0,39562.0
Y58,202404,2024-04-01,false,,569.0,2205.0,8614.0,38477.0
Y62,202405,2024-05-01,false,,467.0,1555.0,9953.0,50808.0
Y63,202406,2024-06-01,false,,461.6962286387743,1765.8046692074995,13576.0,58511.0
Y58,202409,2024-09-01,false,,578.0,2569.0,8375.0,40776.0
Y56,202410,2024-10-01,false,,450.0,2492.0,14364.0,57380.0
Y60,202505,2025-05-01,false,,494.39114043355323,1567.2122253940672,15915.0,80570.0
Y59,202509,2025-09-01,false,,510.6574177668382,1812.5549305475836,8938.0,60977.0
Y58,202601,2026-01-01,true,2025-26,559.0,2360.0,9289.0,45957.0
Y63,201708,2017-08-01,false,,,,,
Y63,201710,2017-10-01,false,,431.0,1178.0,8629.0,32293.0
Y58,201710,2017-10-01,false,,,,,
Y60,201808,2018-08-01,false,,428.2694840834248,1242.7912906697575,10932.0,72474.0
Y61,201809,2018-09-01,false,,478.0,1542.0,6255.0,37759.0
Y59,201811,2018-11-01,false,,440.6168032786885,1101.2044788538765,6344.0,55282.0
Y56,201811,2018-11-01,false,,377.0,1127.0,11231.0,57048.0
Y62,201903,2019-03-01,false,,448.0,1347.0,9321.0,51474.0
Y59,201904,2019-04-01,false,,434.7923588039867,1125.947195130633,6020.0,56188.0
Y62,201906,2019-06-01,false,,441.0,1328.0,9072.0,50114.0
Y63,201908,2019-08-01,false,,405.2785714285714,1268.3402110240054,8120.0,57529.0
Y62,201911,2019-11-01,false,,447.0,1843.0,10789.0,53786.0
Y58,202005,2020-05-01,false,,406.0,1043.0,3946.0,32981.0
Y61,202011,2020-11-01,false,,401.0,1194.0,5586.0,40581.0
Y58,202011,2020-11-01,false,,482.0,1431.0,7534.0,36841.0
Y60,202102,2021-02-01,true,2020-21,410.346292031322,1045.200231310265,10855.0,74359.0
Y63,202104,2021-04-01,false,,433.0649252794173,1325.565119760479,7963.0,56112.0
Y59,202204,2022-04-01,false,,535.9020612117426,1972.9051742307151,8005.0,56936.0
Y58,202205,2022-05-01,false,,644.0,3375.0,9151.0,36505.0
Y63,202210,2022-10-01,false,,593.3459602211768,3224.7593144432003,12117.0,58055.0
Y60,202210,2022-10-01,false,,549.0935520869696,4248.769640462982,20053.0,81299.0
Y59,202212,2022-12-01,true,2022-23,658.8142573429498,2976.634957875653,9567.0,65639.0
Y58,202301,2023-01-01,true,2022-23,585.0,2287.0,9525.0,34323.0
Y62,202306,2023-06-01,false,,502.0,1590.0,8686.0,48614.0
Y60,202311,2023-11-01,false,,505.4309685016191,2415.582372374244,16985.0,80215.0
Y61,202402,2024-02-01,true,2023-24,563.0,2703.0,8187.0,39515.0
Y59,202406,2024-06-01,false,,522.1445119208277,1799.0168402953373,8892.0,59322.0
Y61,202406,2024-06-01,false,,559.0,2711.0,8400.0,40457.0
Y62,202407,2024-07-01,false,,464.0,1664.0,9741.0,49934.0
Y58,202407,2024-07-01,false,,565.0,2349.0,8816.0,41612.0
Y58,202411,2024-11-01,false,,615.0,3543.0,9176.0,42030.0
Y61,202502,2025-02-01,true,2024-25,525.0,2215.0,7520.0,38514.0
Y62,202503,2025-03-01,false,,436.0,1531.0,10011.0,47798.0
Y58,202503,2025-03-01,false,,540.0,2222.0,8590.0,41798.0
Y56,202505,2025-05-01,false,,414.0,1836.0,13704.0,57904.0
Y59,202506,2025-06-01,false,,504.9773552659688,1795.0607566444464,9362.0,57755.0
Y60,202506,2025-06-01,false,,498.11868844283754,1702.8121528577644,16042.0,78138.0
Y58,202506,2025-06-01,false,,543.0,2132.0,8142.0,39618.0
Y59,202511,2025-11-01,false,,496.3078733418913,1734.8071621101271,9348.0,64925.0
Y56,202602,2026-02-01,true,2025-26,409.0,1610.0,12895.0,55529.0
Y62,202602,2026-02-01,true,2025-26,414.0,1629.0,9463.0,43909.0
Y60,202602,2026-02-01,true,2025-26,500.41009021049115,1723.8350061541194,14965.0,78809.0
Y61,201801,2018-01-01,true,2017-18,515.0,1751.0,6664.0,40031.0
Y61,201802,2018-02-01,true,2017-18,522.0,1613.0,5924.0,35732.0
Y59,201803,2018-03-01,false,,474.1147000659196,1190.0,6068.0,51530.0
Y58,201803,2018-03-01,false,,584.0,2107.0,5647.0,39096.0
Y61,201805,2018-05-01,false,,510.0,1500.0,6654.0,37670.0
Y58,201805,2018-05-01,false,,504.0,1483.0,5648.0,37116.0
Y56,201806,2018-06-01,false,,430.0,1187.0,9671.0,55483.0
Y56,201808,2018-08-01,false,,363.0,1009.0,9819.0,55207.0
Y63,201808,2018-08-01,false,,406.73897464167584,1157.704923893206,7256.0,53149.0
Y58,201808,2018-08-01,false,,422.0,1608.0,4555.0,38294.0
Y58,201903,2019-03-01,false,,407.0,1783.0,4415.0,41075.0
Y60,201904,2019-04-01,false,,421.09051955008033,1105.411358287146,11202.0,79026.0
Y63,201906,2019-06-01,false,,396.3580939947781,1309.6359496192983,7660.0,56212.0
Y60,201906,2019-06-01,false,,432.5009340805978,1191.783906778792,11241.0,78008.0
Y60,201907,2019-07-01,false,,438.3798690396239,1318.2234743962297,11912.0,81902.0
Y58,201907,2019-07-01,false,,430.0,1764.0,4485.0,41039.0
Y59,201908,2019-08-01,false,,433.8852903637524,1045.6818382755998,6268.0,56553.0
Y56,201910,2019-10-01,false,,411.0,1134.0,9487.0,61297.0
Y62,202004,2020-04-01,false,,445.0,1485.0,7476.0,42643.0
Y61,202006,2020-06-01,false,,394.0,1017.0,5449.0,36075.0
Y60,202007,2020-07-01,false,,411.453781512605,870.4573295446746,11424.0,72849.0
Y62,202012,2020-12-01,true,2020-21,456.0,1589.0,8469.0,51281.0
Y63,202101,2021-01-01,true,2020-21,455.1465416178195,1716.3166922421142,7677.0,58650.0
Y62,202101,2021-01-01,true,2020-21,492.0,2135.0,9202.0,53780.0
Y58,202105,2021-05-01,false,,483.0,1940.0,9078.0,45491.0
Y61,202107,2021-07-01,false,,524.0,2288.0,7673.0,48898.0
Y60,202109,2021-09-01,false,,512.315877501586,2429.324324324324,17339.0,87505.0
Y62,202111,2021-11-01,false,,530.0,2936.0,13577.0,50499.0
Y59,202202,2022-02-01,true,2021-22,526.4047901039611,1888.9325903023346,7599.0,54013.0
Y62,202206,2022-06-01,false,,492.0,2386.0,12199.0,48225.0
Y63,202207,2022-07-01,false,,582.073798239675,2766.1317829457366,11816.0,59598.0
Y63,202208,2022-08-01,false,,546.9491398653703,2063.819111525764,10696.0,55736.0
Y59,202210,2022-10-01,false,,576.6400185916802,2240.8651086642485,8606.0,62302.0
Y62,202303,2023-03-01,false,,507.0,1857.0,8428.0,48839.0
Y62,202304,2023-04-01,false,,470.0,1236.0,8261.0,47019.0
Y61,202304,2023-04-01,false,,517.0,2098.0,7557.0,36731.0
Y58,202304,2023-04-01,false,,543.0,2006.0,9294.0,36975.0
Y61,202306,2023-06-01,false,,543.0,2462.0,8091.0,38033.0
Y63,202310,2023-10-01,false,,502.8778485383258,2160.7174115837192,13033.0,61103.0
Y62,202310,2023-10-01,false,,500.0,1932.0,9611.0,51858.0
Y61,202310,2023-10-01,false,,561.0,3155.0,8498.0,40111.0
Y63,202311,2023-11-01,false,,495.5024069687476,2183.8087031738637,13087.0,60116.0
Y61,202401,2024-01-01,true,2023-24,544.0,3109.0,8672.0,42860.0
Y60,202407,2024-07-01,false,,501.03933971926017,1760.3340809174897,16599.0,78475.0
Y62,202501,2025-01-01,true,2024-25,481.0,2143.0,10052.0,49134.0
Y63,202505,2025-05-01,false,,435.54168698196,1401.5234834999314,12306.0,58424.0
Y62,202507,2025-07-01,false,,428.0,1562.0,10407.0,47890.0
Y58,202509,2025-09-01,false,,559.0,2220.0,8224.0,40664.0
Y60,202510,2025-10-01,false,,513.2931822026729,2340.7586063132817,17733.0,83950.0
Y61,202512,2025-12-01,true,2025-26,519.0,2203.0,9009.0,47280.0
Y61,201709,2017-09-01,false,,,,,
Y59,201801,2018-01-01,true,2017-18,450.2271801832372,979.539732742943,5894.0,50588.0
Y58,201801,2018-01-01,true,2017-18,550.0,1790.0,5411.0,38391.0
Y59,201807,2018-07-01,false,,471.45728155339805,1100.5651956926501,6180.0,52097.0
Y61,201810,2018-10-01,false,,484.0,1501.0,6386.0,40018.0
Y59,201907,2019-07-01,false,,442.53323507737656,1109.9198722900253,6785.0,58257.0
Y63,201907,2019-07-01,false,,407.26285089318264,1353.9445523012553,8229.0,59750.0
Y61,201907,2019-07-01,false,,499.0,1834.0,7723.0,43339.0
Y61,201909,2019-09-01,false,,474.0,1640.0,6905.0,41206.0
Y62,201910,2019-10-01,false,,451.0,1577.0,10615.0,52552.0
Y59,201911,2019-11-01,false,,451.5950648980174,1206.4025531914895,7011.0,62275.0
Y60,201912,2019-12-01,true,2019-20,459.50735913894835,1620.8491682846197,15423.0,95285.0
Y56,202001,2020-01-01,true,2019-20,391.0,1094.0,9473.0,63265.0
Y58,202003,2020-03-01,false,,430.0,1673.0,5163.0,41014.0
Y56,202005,2020-05-01,false,,352.0,534.0,6494.0,47921.0
Y60,202005,2020-05-01,false,,399.0692016763774,739.0973648749813,9783.0,66790.0
Y61,202009,2020-09-01,false,,426.0,1375.0,6273.0,41170.0
Y62,202010,2020-10-01,false,,483.0,2740.0,9363.0,52072.0
Y59,202011,2020-11-01,false,,416.3567077297956,983.5617353448923,7387.0,53292.0
Y56,202011,2020-11-01,false,,321.0,856.0,6531.0,56815.0
Y59,202012,2020-12-01,true,2020-21,455.5625227410552,1425.6062518785693,8245.0,63213.0
Y58,202012,2020-12-01,true,2020-21,496.0,1622.0,8391.0,39490.0
Y62,202102,2021-02-01,true,2020-21,432.0,1264.0,7437.0,44555.0
Y59,202103,2021-03-01,false,,410.49929387597894,997.6674986236006,7789.0,54490.0
Y60,202103,2021-03-01,false,,411.7698259187621,1067.0094570236301,12408.0,80998.0
Y60,202107,2021-07-01,false,,503.2397533155051,2402.483945364744,18323.0,94957.0
Y60,202108,2021-08-01,false,,482.3061388837267,1925.097227600975,16143.0,87794.0
Y58,202109,2021-09-01,false,,664.0,3972.0,9119.0,42703.0
Y56,202111,2021-11-01,false,,426.0,2621.0,10092.0,60130.0
Y62,202205,2022-05-01,false,,480.0,2039.0,12568.0,48951.0
Y56,202207,2022-07-01,false,,483.0,3670.0,12052.0,53683.0
Y56,202211,2022-11-01,false,,,,,
Y61,202302,2023-02-01,true,2022-23,551.0,2706.0,7307.0,33740.0
Y63,202304,2023-04-01,false,,468.8121587186021,1611.6145420647867,10988.0,55783.0
Y58,202308,2023-08-01,false,,541.0,1996.0,9561.0,39977.0
Y59,202311,2023-11-01,false,,518.8122358175751,1968.3423011684886,8990.0,63672.0
Y61,202405,2024-05-01,false,,544.0,2432.0,8652.0,42011.0
Y63,202409,2024-09-01,false,,471.4106807070327,1988.491784822151,13295.0,56846.0
Y60,202409,2024-09-01,false,,519.5875452926365,2004.678778553675,16283.0,76041.0
Y61,202411,2024-11-01,false,,579.0,3093.0,8380.0,42259.0
Y56,202412,2024-12-01,true,2024-25,469.0,2986.0,16265.0,60619.0
Y60,202501,2025-01-01,true,2024-25,519.2092160383004,2243.3487460815045,16710.0,80388.0
Y61,202501,2025-01-01,true,2024-25,533.0,2483.0,8581.0,42792.0
Y59,202502,2025-02-01,true,2024-25,501.73677796734097,1647.686451099537,8206.0,55296.0
Y63,202502,2025-02-01,true,2024-25,460.9705444315737,1627.928519505694,12086.0,53651.0
Y62,202505,2025-05-01,false,,428.0,1414.0,10042.0,47902.0
Y59,202508,2025-08-01,false,,495.4826970305872,1649.1453426656935,8958.0,60292.0
Y58,202510,2025-10-01,false,,539.0,2067.0,8649.0,43170.0
Y59,202512,2025-12-01,true,2025-26,505.87456479690525,1796.173910529739,10340.0,69185.0
Y56,201708,2017-08-01,false,,,,,
Y58,201708,2017-08-01,false,,,,,
Y58,201709,2017-09-01,false,,,,,
Y59,201710,2017-10-01,false,,,,,
Y59,201711,2017-11-01,false,,437.0,880.0,3350.0,18763.0
Y60,201712,2017-12-01,true,2017-18,503.8861311553406,1555.160902032173,12611.0,80751.0
Y60,201802,2018-02-01,true,2017-18,503.4805194805195,1587.3636836262979,11165.0,71169.0
Y61,201804,2018-04-01,false,,482.0,1365.0,6121.0,35898.0
Y62,201807,2018-07-01,false,,481.0,1540.0,9840.0,48267.0
Y56,201901,2019-01-01,true,2018-19,381.0,1296.0,12441.0,60485.0
Y61,201901,2019-01-01,true,2018-19,458.0,1498.0,7205.0,44969.0
Y60,201903,2019-03-01,false,,428.66000674422526,1115.7278248939886,11862.0,80180.0
Y59,201905,2019-05-01,false,,434.4389312977099,1157.8364343677938,6288.0,56809.0
Y60,201905,2019-05-01,false,,425.0596374463613,1093.5559737906037,11419.0,78903.0
Y60,201911,2019-11-01,false,,456.89919791892476,1454.3684726145996,13839.0,87784.0
Y59,202001,2020-01-01,true,2019-20,442.7550541280814,1024.5546841031473,7667.0,59798.0
Y60,202004,2020-04-01,false,,411.1629850746269,820.9343086249573,10050.0,67467.0
Y56,202101,2021-01-01,true,2020-21,382.0,2486.0,8421.0,68626.0
Y60,202101,2021-01-01,true,2020-21,435.1735537190083,1295.6913464092802,13068.0,90344.0
Y63,202110,2021-10-01,false,,606.5453887229613,2721.440292366523,11049.0,61977.0
Y63,202201,2022-01-01,true,2021-22,500.35751925415485,1936.6233306659553,9868.0,56235.0
Y61,202201,2022-01-01,true,2021-22,596.0,2769.0,8232.0,41566.0
Y58,202204,2022-04-01,false,,705.0,4857.0,8668.0,35573.0
Y59,202207,2022-07-01,false,,595.464765878535,2481.3586889899675,8628.0,61998.0
Y60,202208,2022-08-01,false,,523.4537844436693,2597.048008224107,17202.0,77820.0
Y63,202211,2022-11-01,false,,571.0091035840236,2942.918237780389,12193.0,57019.0
Y62,202308,2023-08-01,false,,484.0,1639.0,8792.0,49691.0
Y56,202312,2023-12-01,true,2023-24,480.0,3126.0,14887.0,58151.0
Y61,202312,2023-12-01,true,2023-24,556.0,3057.0,9044.0,43189.0
Y62,202402,2024-02-01,true,2023-24,484.0,1740.0,9238.0,48690.0
Y60,202408,2024-08-01,false,,497.2619125862636,1475.0071639162743,15215.0,74959.0
Y61,202409,2024-09-01,false,,562.0,2501.0,7884.0,39384.0
Y63,202410,2024-10-01,false,,478.7218677697539,2148.835374500451,14263.0,62056.0
Y62,202410,2024-10-01,false,,474.0,2110.0,9912.0,50073.0
Y63,202411,2024-11-01,false,,470.94213836477985,2041.9579962155813,14310.0,61304.0
Y59,202501,2025-01-01,true,2024-25,505.77449249779346,1579.4952337094176,9064.0,65145.0
Y62,202502,2025-02-01,true,2024-25,451.0,1720.0,8945.0,43626.0
Y59,202503,2025-03-01,false,,489.9604513584575,1504.0662410614573,9128.0,59993.0
Y56,202503,2025-03-01,false,,418.0,1739.0,13684.0,58327.0
Y63,202506,2025-06-01,false,,442.2630373950649,1485.1971657424522,11793.0,58428.0
Y60,202507,2025-07-01,false,,494.20104341345257,1536.3009022519423,16101.0,81352.0
Y62,202508,2025-08-01,false,,419.0,1384.0,9933.0,47310.0
Y59,202510,2025-10-01,false,,507.9695801646005,1794.1582715105162,9599.0,65375.0
Y61,202511,2025-11-01,false,,538.0,2247.0,8149.0,44168.0
Y58,202511,2025-11-01,false,,526.0,1862.0,8405.0,42467.0
Y56,202601,2026-01-01,true,2025-26,422.0,1943.0,14731.0,63249.0
Y63,202601,2026-01-01,true,2025-26,440.08003323179173,1452.3940067277722,10833.0,64806.0
Y58,202603,2026-03-01,false,,534.0,1815.0,8878.0,42804.0
Y56,202606,2026-06-01,false,,425.0,1980.0,15282.0,60787.0
Y62,202606,2026-06-01,false,,423.0,1628.0,10885.0,47793.0
Y61,202606,2026-06-01,false,,531.0,2253.0,8646.0,44344.0
Y61,201708,2017-08-01,false,,,,,
Y63,201709,2017-09-01,false,,434.0,1279.0,8506.0,30731.0
Y60,201711,2017-11-01,false,,457.6276342893361,1336.7493964059045,12622.0,69169.0
Y58,201712,2017-12-01,true,2017-18,620.0,2236.0,5634.0,42115.0
Y59,201804,2018-04-01,false,,423.8396177237185,916.4331843125623,5755.0,47197.0
Y60,201806,2018-06-01,false,,427.7542773935202,1260.9815429106065,10988.0,70542.0
Y61,201806,2018-06-01,false,,518.0,1576.0,6649.0,37122.0
Y62,201810,2018-10-01,false,,481.0,1478.0,8606.0,51063.0
Y62,201811,2018-11-01,false,,462.0,1394.0,8360.0,50763.0
Y58,201811,2018-11-01,false,,418.0,1691.0,4439.0,39948.0
Y63,201903,2019-03-01,false,,392.06205559146736,1185.4106530674899,7735.0,58631.0
Y62,201904,2019-04-01,false,,448.0,1401.0,9360.0,51539.0
Y63,201909,2019-09-01,false,,411.3843669250646,1342.140704225352,7740.0,56800.0
Y61,201911,2019-11-01,false,,504.0,1899.0,7929.0,44260.0
Y59,201912,2019-12-01,true,2019-20,464.8333333333333,1261.395375205132,8454.0,67030.0
Y56,202008,2020-08-01,false,,363.0,852.0,7886.0,57305.0
Y56,202009,2020-09-01,false,,346.0,1013.0,7511.0,57842.0
Y63,202010,2020-10-01,false,,484.3769822200865,1816.7534156702586,8324.0,60969.0
Y63,202012,2020-12-01,true,2020-21,454.0074036252234,1612.7823096332654,7834.0,57862.0
Y56,202103,2021-03-01,false,,321.0,795.0,6848.0,56951.0
Y63,202103,2021-03-01,false,,420.02819087029616,1296.1944866852918,7733.0,56554.0
Y60,202105,2021-05-01,false,,438.4141857011527,1402.9173489278753,14141.0,92340.0
Y59,202106,2021-06-01,false,,475.05090171806637,1420.719204940545,9371.0,62989.0
Y56,202108,2021-08-01,false,,418.0,2354.0,9678.0,59761.0
Y61,202108,2021-08-01,false,,551.0,2463.0,7179.0,46562.0
Y60,202204,2022-04-01,false,,537.3063180827887,3709.427589284637,18360.0,82909.0
Y56,202205,2022-05-01,false,,420.0,2505.0,11312.0,55185.0
Y61,202207,2022-07-01,false,,666.0,4697.0,8954.0,36520.0
Y62,202210,2022-10-01,false,,559.0,3483.0,9693.0,50566.0
Y61,202212,2022-12-01,true,2022-23,715.0,7558.0,11225.0,33983.0
Y63,202302,2023-02-01,true,2022-23,479.56346500902345,1692.2323827480557,9974.0,50916.0
Y63,202303,2023-03-01,false,,510.7398933425082,2109.2671447781263,11626.0,58006.0
Y56,202304,2023-04-01,false,,429.0,1870.0,11540.0,50876.0
Y61,202309,2023-09-01,false,,544.0,2717.0,8021.0,39569.0
Y59,202401,2024-01-01,true,2023-24,508.09790134141065,1961.630442307403,9244.0,66447.0
Y59,202403,2024-03-01,false,,510.15078927033886,1727.4113443153863,9059.0,64226.0
Y60,202406,2024-06-01,false,,516.5038537372288,1994.5811401765127,16737.0,75462.0
Y56,202509,2025-09-01,false,,428.0,1896.0,13583.0,58227.0
Y63,202511,2025-11-01,false,,450.12748464040476,1641.0837143409105,11068.0,62116.0
Y59,202601,2026-01-01,true,2025-26,512.6777832756061,1910.5761589403974,10105.0,69309.0
Y62,202601,2026-01-01,true,2025-26,423.0,1968.0,10903.0,50599.0
Y60,202601,2026-01-01,true,2025-26,524.2418607280126,2412.5379275984283,17692.0,88313.0
Y61,202603,2026-03-01,false,,489.0,1695.0,8176.0,44964.0
Y56,202604,2026-04-01,false,,405.0,1492.0,13727.0,58270.0
Y63,202604,2026-04-01,false,,428.82058332514976,1249.1410064860875,10183.0,56891.0
Y61,202604,2026-04-01,false,,484.0,1641.0,7761.0,43329.0
Y60,202606,2026-06-01,false,,515.8625447112928,1881.569202343617,17613.0,82266.0
