org_code,winter_label,winter_type1_performance,summer_type1_performance,winter_delta_pp,winter_att_per_day,summer_att_per_day,winter_demand_uplift,winter_dta_12hr,summer_dta_12hr
AAH,2021-22,,,,0.0,0.0,,0.0,0.0
RW4,2021-22,,,,0.0,0.0,,0.0,0.0
RHU,2022-23,1.0,1.0,0.0,294.6666666666667,283.1630434782609,0.040625439842360445,2.0,10.0
R1H,2022-23,0.5085049239033124,0.5643069829987513,-0.055802059095438894,757.0777777777778,792.1413043478261,-0.0442642321232275,2517.0,1190.0
RTP,2023-24,0.6630221932114883,0.7100564066619939,-0.047034213450505624,336.7032967032967,325.6630434782609,0.0339008476587328,1597.0,533.0
RHU,2023-24,0.45183260777980616,0.4953906389037195,-0.04355803112391332,313.010989010989,305.3804347826087,0.02498704356686221,118.0,38.0
RXL,2024-25,0.5241743410606542,0.5362793851717902,-0.012105044111135999,279.9111111111111,288.5217391304348,-0.029843948831290712,2101.0,1990.0
RDE,2024-25,0.4522815880511779,0.5474913997230041,-0.09520981167182618,404.68888888888887,486.5869565217391,-0.16831126797619234,2514.0,712.0
RF4,2024-25,0.5347873554662299,0.5853145549905487,-0.05052719952431883,447.8,408.2717391304348,0.09681850855940999,2831.0,1747.0
R0D,2025-26,0.5463233027435916,0.613993657647932,-0.06767035490434037,468.56666666666666,483.29347826086956,-0.030471778032671315,1547.0,204.0
RQM,2025-26,0.7128787232226679,0.7204683969047456,-0.007589673682077747,650.9444444444445,634.9130434782609,0.025249758421024504,148.0,160.0
RA7,2021-22,0.593237220609089,0.6235580110497237,-0.030320790440634737,658.1777777777778,737.7717391304348,-0.10788426437487209,2978.0,773.0
RM3,2023-24,0.49753721844042287,0.583040064970222,-0.08550284652979911,794.2417582417582,803.0434782608696,-0.010960452649678487,2730.0,1122.0
NNF94,2024-25,,,,0.0,0.0,,0.0,0.0
RQM,2024-25,0.6656540261191424,0.7426241010349062,-0.0769700749157638,636.4,619.6739130434783,0.02699175583231006,161.0,142.0
RBV,2024-25,,,,0.0,0.0,,0.0,0.0
RX1,2024-25,0.458685891901226,0.5467931505040278,-0.08810725860280177,514.7555555555556,493.8478260869565,0.04233638048842536,1866.0,1004.0
ACH01,2025-26,,,,0.0,0.0,,0.0,0.0
RD8,2025-26,0.5344072164948453,0.6176446880541673,-0.08323747155932193,258.6666666666667,269.69565217391306,-0.04089419098285774,0.0,0.0
RX1,2025-26,0.39394430927277646,0.46674819170526094,-0.07280388243248448,411.0,417.7608695652174,-0.016183587448613146,2671.0,1551.0
RHW,2021-22,0.7127809934042266,0.752901294893721,-0.040120301489494414,330.1777777777778,355.9130434782609,-0.07230773407172131,0.0,0.0
DD401,2022-23,,,,0.0,0.0,,0.0,0.0
DD401,2023-24,,,,0.0,0.0,,0.0,0.0
R1H,2023-24,0.5281286670808312,0.5860392601516548,-0.05791059307082358,795.989010989011,766.9021739130435,0.03792770194867856,2090.0,1234.0
Y02147,2024-25,,,,0.0,0.0,,0.0,0.0
RDE,2025-26,0.5460261262361128,0.5036759644243742,0.04235016181173856,364.0444444444444,394.75,-0.07778481458025477,1736.0,1162.0
RNA,2021-22,0.6500982082013869,0.7015758603632252,-0.051477652161838305,277.18888888888887,307.6304347826087,-0.09895492269882777,92.0,59.0
RTP,2022-23,0.6085780218031351,0.6694783420333944,-0.060900320230259264,279.26666666666665,314.42391304347825,-0.11181479817010642,1293.0,245.0
RAS,2022-23,0.39686597021560344,0.4783909765782356,-0.08152500636263216,199.95555555555555,188.8804347826087,0.05863561668361106,180.0,55.0
RM3,2022-23,0.5051472523615945,0.5157151661157489,-0.010567913754154334,759.8444444444444,776.0434782608696,-0.020873874042118823,2034.0,2203.0
Y07709,2024-25,,,,0.0,0.0,,0.0,0.0
NR3,2024-25,,,,0.0,0.0,,0.0,0.0
R0D,2024-25,0.5617300410644765,0.6349854083197309,-0.07325536725525439,416.68888888888887,439.5,-0.05190241435975229,1158.0,318.0
NQT5H,2025-26,,,,0.0,0.0,,0.0,0.0
RXL,2025-26,0.5139755766621439,0.535339500530184,-0.02136392386804009,286.6111111111111,297.2717391304348,-0.03586155902511179,1740.0,912.0
NL7,2021-22,,,,0.0,0.0,,0.0,0.0
RTH,2022-23,0.5118890963062704,0.5772215197149098,-0.06533242340863932,363.0777777777778,378.2173913043478,-0.040028866664112095,8.0,3.0
RCU,2023-24,0.8797159343098091,0.9331780579873102,-0.05346212367750114,148.54945054945054,135.33695652173913,0.09762665252184166,0.0,0.0
NTPAD,2023-24,,,,0.0,0.0,,0.0,0.0
RCX,2023-24,0.5239733390668673,0.6066099709731629,-0.08263663190629567,204.43956043956044,213.44565217391303,-0.04219384017723882,389.0,1111.0
RAS,2023-24,0.3743882544861338,0.4352131886378462,-0.06082493415171242,188.6153846153846,183.29347826086956,0.029034892048590777,119.0,73.0
RBV,2025-26,,,,0.0,0.0,,0.0,0.0
RBL,2021-22,0.4884183600966321,0.6151015125778533,-0.1266831524812212,234.56666666666666,268.7608695652174,-0.12722909757610068,26.0,8.0
RQW,2021-22,0.6384219554030874,0.6903210639441161,-0.05189910854102864,291.5,323.6521739130435,-0.09934175174637294,724.0,61.0
RBQ,2024-25,,,,0.0,0.0,,0.0,0.0
RF4,2025-26,0.5334130364392637,0.5730289315095897,-0.039615895070325924,446.1,434.6847826086956,0.02626090870445852,2829.0,1875.0
DT301,2021-22,,,,0.0,0.0,,0.0,0.0
RYY,2021-22,,,,0.0,0.0,,0.0,0.0
RRV,2023-24,0.6709093402825401,0.7000467688244518,-0.029137428541911703,400.6043956043956,395.0978260869565,0.013937230614443186,415.0,120.0
RVW,2022-23,1.0,1.0,0.0,132.9777777777778,127.57608695652173,0.04234093512444037,59.0,55.0
RCX,2022-23,0.5758077463375477,0.5850936811168259,-0.009285934779278193,221.46666666666667,236.69565217391303,-0.06433994611805038,1550.0,1174.0
ACH01,2024-25,,,,0.0,0.0,,0.0,0.0
RRV,2022-23,0.6506890353505093,0.658734495382766,-0.008045460032256702,389.43333333333334,397.8478260869565,-0.021150028231608387,178.0,160.0
RCU,2022-23,0.8347659349378471,0.9348133484162896,-0.10004741347844248,168.04444444444445,153.7391304347826,0.09304927099044757,0.0,1.0
NTPAD,2022-23,,,,0.0,0.0,,0.0,0.0
RKB,2024-25,0.5283352842093243,0.4754668459043222,0.0528684383050021,389.18888888888887,371.94565217391306,0.046359559828685004,82.0,116.0
NQT5H,2024-25,,,,0.0,0.0,,0.0,0.0
NNF94,2025-26,,,,0.0,0.0,,0.0,0.0
RVW,2023-24,0.4824131165919282,0.46591977436540266,0.016493342226525542,156.83516483516485,138.7391304347826,0.13043208749883783,38.0,6.0
RD8,2024-25,0.5746265534122766,0.6068720958669601,-0.03224554245468347,265.5444444444444,266.67391304347825,-0.004235392154198769,0.0,0.0
RKB,2025-26,0.5722896451063599,0.5906848717739078,-0.018395226667547893,411.0777777777778,398.8369565217391,0.030691291405869237,36.0,40.0
RBQ,2025-26,,,,0.0,0.0,,0.0,0.0
RTH,2023-24,0.5517231443061319,0.6150402604575449,-0.063317116151413,381.3626373626374,373.92391304347825,0.019893684409250767,4.0,0.0
RJ2,2021-22,0.6449472565637716,0.7623524103181168,-0.11740515375434524,428.7,433.5978260869565,-0.011295781003233807,565.0,128.0
NTV0B,2022-23,,,,0.0,0.0,,0.0,0.0
RXN,2022-23,0.6610677319774831,0.58169375534645,0.07937397663103318,367.1333333333333,266.8369565217391,0.3758713864787433,412.0,357.0
K6K0R,2024-25,,,,0.0,0.0,,0.0,0.0
RA2,2024-25,0.6825338511598614,0.7992883296374607,-0.11675447847759923,211.7111111111111,210.77173913043478,0.004456821320314663,18.0,4.0
C82038,2025-26,,,,0.0,0.0,,0.0,0.0
RV9,2025-26,,,,0.0,0.0,,0.0,0.0
K6K0R,2025-26,,,,0.0,0.0,,0.0,0.0
RPC,2025-26,,,,0.0,0.0,,0.0,0.0
RH8,2021-22,0.6340516404581635,0.7101202036638496,-0.07606856320568611,343.4,414.1521739130435,-0.17083617657865735,120.0,16.0
RGT,2022-23,1.0,1.0,0.0,322.18888888888887,314.4130434782609,0.024731306706000655,1341.0,1372.0
RXR,2022-23,0.5836009634684866,0.5911480033331197,-0.0075470398646331205,332.1333333333333,339.1521739130435,-0.020695254577698052,2050.0,1085.0
NQT5F,2023-24,,,,0.0,0.0,,0.0,0.0
RGT,2023-24,0.4276532798313327,0.48552074513124466,-0.057867465299911935,323.15384615384613,320.92391304347825,0.006948479124601059,1995.0,594.0
RXR,2023-24,0.6358211417885822,0.625189592812974,0.01063154897560814,399.6043956043956,372.6521739130435,0.07232541114235191,3462.0,2963.0
RV9,2024-25,,,,0.0,0.0,,0.0,0.0
RXF,2024-25,0.5710081255731622,0.6098273572377158,-0.03881923166455359,520.9888888888889,532.0108695652174,-0.02071758549846192,2572.0,551.0
RTK,2025-26,0.48088833834719513,0.5158914010378057,-0.0350030626906106,251.15555555555557,234.6086956521739,0.07052961041100403,1235.0,434.0
NNJ13,2025-26,,,,0.0,0.0,,0.0,0.0
NNJ12,2025-26,,,,0.0,0.0,,0.0,0.0
Y02428,2021-22,,,,0.0,0.0,,0.0,0.0
NQTE4,2021-22,,,,0.0,0.0,,0.0,0.0
R0B,2021-22,0.6451030540093274,0.7325376123099623,-0.08743455830063485,369.27777777777777,412.5326086956522,-0.10485190747620599,0.0,0.0
NTV0B,2023-24,,,,0.0,0.0,,0.0,0.0
RTR,2024-25,0.45343159834177793,0.5011720365859264,-0.04774043824414842,241.22222222222223,236.4891304347826,0.02001399294224604,209.0,31.0
R0A,2024-25,0.5174269782629751,0.5744276988068733,-0.05700072054389815,803.0333333333333,761.6086956521739,0.05439097257901859,1422.0,1018.0
RXG,2024-25,,,,0.0,0.0,,0.0,0.0
RMC,2025-26,0.5000411251850634,0.5081904761904762,-0.008149351005412808,270.1777777777778,256.79347826086956,0.05212087007642574,1454.0,837.0
RXF,2025-26,0.6079731413247746,0.6417050230138083,-0.03373188168903363,526.2111111111111,543.1521739130435,-0.031190269717386032,1963.0,69.0
NNJ07,2025-26,,,,0.0,0.0,,0.0,0.0
RDY,2021-22,,,,0.0,0.0,,0.0,0.0
RQX,2022-23,0.7616476900929198,0.8264554631451971,-0.06480777305227736,339.6,342.4130434782609,-0.008215351406259841,102.0,47.0
RYJ,2022-23,1.0,1.0,0.0,379.5888888888889,388.94565217391306,-0.02405673706011857,462.0,281.0
RQX,2023-24,0.816740506329114,0.8000129861697293,0.016727520159384723,347.25274725274727,334.80434782608694,0.03718111639675192,90.0,68.0
NNJ07,2024-25,,,,0.0,0.0,,0.0,0.0
RTK,2024-25,0.6535876295486904,0.6878287002253944,-0.03424107067670401,335.56666666666666,318.2826086956522,0.0543041231245589,1146.0,461.0
RYX,2025-26,,,,0.0,0.0,,0.0,0.0
R1F,2025-26,0.6152166610681895,0.6095078979343864,0.005708763133803085,132.3111111111111,143.1304347826087,-0.07559065748616178,628.0,364.0
RMP,2025-26,0.46754057428214735,0.5026752587385277,-0.03513468445638035,267.0,278.3152173913044,-0.040656121851201044,2342.0,1423.0
AJN,2021-22,,,,0.0,0.0,,0.0,0.0
RWA,2021-22,0.5103540159878188,0.6356304771886918,-0.125276461200873,291.8888888888889,373.3369565217391,-0.21816234961487813,56.0,1.0
NNJ13,2024-25,,,,0.0,0.0,,0.0,0.0
RMC,2024-25,0.4964428922519726,0.5277814554922988,-0.031338563240326245,257.7,246.29347826086956,0.04631272342115711,1596.0,1577.0
R0A,2025-26,0.6050139778158535,0.5896140013102831,0.015399976505570456,862.4777777777778,812.9673913043479,0.06090082702332511,388.0,278.0
AXG,2021-22,,,,0.0,0.0,,0.0,0.0
Y04538,2023-24,,,,0.0,0.0,,0.0,0.0
RXN,2023-24,0.5770634475014037,0.6551294397552824,-0.07806599225387867,391.42857142857144,383.7608695652174,0.01998041611705026,1251.0,352.0
ARN03,2021-22,,,,0.0,0.0,,0.0,0.0
RPA,2021-22,0.6251314646302986,0.6934202485231208,-0.06828878389282222,242.98888888888888,266.79347826086956,-0.08922477988275501,139.0,13.0
NQT5F,2022-23,,,,0.0,0.0,,0.0,0.0
RYJ,2023-24,0.5597280129837423,0.572563215906635,-0.012835202922892641,392.7142857142857,402.3478260869565,-0.02394331408811623,420.0,170.0
RL4,2024-25,0.6784337993305392,0.6962879933267296,-0.01785419399619048,395.0111111111111,416.9782608695652,-0.05268176262389279,2223.0,647.0
R1F,2024-25,0.6051881841355525,0.5599571734475375,0.04523101068801505,148.2,142.1304347826087,0.04270419088406241,328.0,132.0
RMP,2024-25,0.5087148594377511,0.534489729904577,-0.025774870466825917,276.6666666666667,268.82608695652175,0.029165992775890937,1930.0,254.0
RXG,2025-26,,,,0.0,0.0,,0.0,0.0
RA2,2025-26,0.6439483565660202,0.6974340878156979,-0.053485731249677704,216.01111111111112,215.6195652173913,0.0018159107840007849,154.0,11.0
NNJ12,2024-25,,,,0.0,0.0,,0.0,0.0
RYX,2024-25,,,,0.0,0.0,,0.0,0.0
RTR,2025-26,0.4977432184832641,0.501950704548584,-0.004207486065319954,248.63333333333333,236.81521739130434,0.049904377228010555,104.0,27.0
Y04538,2022-23,,,,0.0,0.0,,39.0,0.0
RPC,2024-25,,,,0.0,0.0,,0.0,0.0
RL4,2025-26,0.6268835721754105,0.7203816930594285,-0.09349812088401799,361.31111111111113,424.8804347826087,-0.14961697095801318,1759.0,674.0
R1D,2021-22,,,,0.0,0.0,,0.0,0.0
RXW,2021-22,0.49376196214645207,0.5795165203846269,-0.0857545582381748,313.4888888888889,362.85869565217394,-0.13605794033556673,1155.0,219.0
C82038,2024-25,,,,0.0,0.0,,0.0,0.0
RET,2021-22,,,,0.0,0.0,,0.0,0.0
RK5,2021-22,0.7832909245122985,0.8390804597701149,-0.05578953525781638,288.2,316.79347826086956,-0.09025904957968778,137.0,4.0
REM,2022-23,0.5187512102760505,0.5149795643030038,0.003771645973046689,516.4111111111112,547.8478260869565,-0.05738220264627936,3741.0,335.0
RWG,2023-24,0.41911638301529996,0.4381557887248799,-0.01903940570957996,255.69230769230768,244.47826086956522,0.045869300537626945,115.0,0.0
RFS,2023-24,0.5506118453255018,0.6323097985527089,-0.08169795322720708,224.5054945054945,222.30434782608697,0.009901500807035779,427.0,46.0
RA9,2023-24,0.5015060240963856,0.4813323940827211,0.020173630013664456,197.01098901098902,216.02173913043478,-0.08800387496170925,348.0,347.0
Y00751,2023-24,,,,0.0,0.0,,0.0,0.0
RHM,2024-25,0.5678314789058878,0.682943143812709,-0.11511166490682123,383.46666666666664,373.75,0.02599777034559647,34.0,22.0
C82009,2024-25,,,,0.0,0.0,,0.0,0.0
RM1,2024-25,0.6651364447844937,0.6997441470191752,-0.03460770223468146,392.1,395.0978260869565,-0.007587553990481055,1045.0,299.0
RLT,2025-26,0.722696781043386,0.6644955998607865,0.058201181182599426,230.23333333333332,218.6195652173913,0.05312318732494736,1261.0,1180.0
Y03007,2025-26,,,,0.0,0.0,,0.0,0.0
RFR,2025-26,0.6571358146413606,0.7185633186152647,-0.06142750397390406,315.5444444444444,292.94565217391306,0.07714329297201905,188.0,18.0
R1K,2021-22,0.5903029205889452,0.7517458887136743,-0.16144296812472914,368.26666666666665,386.0,-0.04594127806563042,69.0,31.0
NQT10,2021-22,,,,0.0,0.0,,0.0,0.0
NNF76,2021-22,,,,0.0,0.0,,0.0,0.0
RJ7,2021-22,0.6890904598877634,0.8596426935409986,-0.17055223365323524,314.81111111111113,355.92391304347825,-0.1155100863575439,889.0,23.0
RDU,2022-23,1.0,1.0,0.0,603.1555555555556,604.3695652173913,-0.0020087207094867665,86.0,0.0
NNJ14,2022-23,,,,0.0,0.0,,0.0,0.0
RWG,2022-23,0.40920949647795457,0.34286596937199343,0.06634352710596114,255.53333333333333,246.29347826086956,0.03751563028671456,22.0,0.0
L83087,2023-24,,,,0.0,0.0,,0.0,0.0
NTV0W,2023-24,,,,0.0,0.0,,0.0,0.0
RR7,2023-24,0.4875383328686925,0.5656791503633315,-0.07814081749463897,197.0879120879121,194.45652173913044,0.013532024152482558,8.0,11.0
RLT,2024-25,0.6314352574102964,0.6848512173128944,-0.053415959902598065,227.9111111111111,216.97826086956522,0.05038684611873667,961.0,240.0
RYF,2024-25,,,,0.0,0.0,,0.0,0.0
RY4,2024-25,,,,0.0,0.0,,0.0,0.0
RAX,2024-25,0.48785663758547515,0.5590167924069116,-0.07116015482143645,235.61111111111111,223.31521739130434,0.05506070684946329,1363.0,856.0
RAJ,2024-25,0.6145439501718015,0.6879275198187995,-0.07338356964699799,966.8777777777777,959.7826086956521,0.00739247514785446,982.0,89.0
C82009,2025-26,,,,0.0,0.0,,0.0,0.0
RAL,2025-26,0.6594539811237095,0.6781654202070037,-0.0187114390832942,877.0555555555555,832.7934782608696,0.05314892401309246,6299.0,5033.0
RAX,2025-26,0.44089782830491187,0.5003182374541004,-0.05942040914918856,228.7,222.0108695652174,0.030129742962056172,1632.0,805.0
RY7,2022-23,,,,0.0,0.0,,0.0,0.0
RC9,2022-23,1.0,1.0,0.0,485.6,529.1413043478261,-0.08228672377313528,106.0,16.0
RXK,2023-24,0.4832629419572825,0.5136598057891557,-0.030396863831873233,455.3296703296703,467.89130434782606,-0.026847333774806748,1240.0,244.0
AQN04,2024-25,,,,0.0,0.0,,0.0,0.0
RFR,2024-25,0.5998238290375704,0.6839197555050545,-0.0840959264674841,290.1222222222222,277.4130434782609,0.045813198199374794,238.0,0.0
RKE,2024-25,0.6773552355235524,0.7220181150194609,-0.044662879495908525,296.26666666666665,298.8152173913044,-0.008528851866671627,1171.0,793.0
RM1,2025-26,0.6770813436297651,0.7060498038109404,-0.02896846018117527,407.18888888888887,423.8369565217391,-0.03927941482374331,1222.0,559.0
Y03571,2022-23,,,,0.0,0.0,,0.0,0.0
RJZ,2022-23,0.4402779689005092,0.4816678648454349,-0.0413898959449257,484.46666666666664,468.70652173913044,0.03362476133051939,3265.0,1614.0
RKE,2025-26,0.7024217543595345,0.7311597472924187,-0.02873799293288426,295.0111111111111,289.04347826086956,0.02064614253242425,903.0,477.0
RYF,2025-26,,,,0.0,0.0,,0.0,0.0
L83087,2022-23,,,,0.0,0.0,,0.0,0.0
Y03007,2024-25,,,,0.0,0.0,,0.0,0.0
REP,2021-22,,,,0.0,0.0,,0.0,0.0
RXK,2022-23,0.511611030478955,0.538937344250623,-0.027326313771668054,428.7111111111111,488.5217391304348,-0.12243186582809229,547.0,73.0
RJR,2022-23,0.5338495456256385,0.5474248083349715,-0.013575262709333069,206.63333333333333,221.17391304347825,-0.06574274293951898,2213.0,1312.0
REM,2023-24,0.5392557453508999,0.5706670878329023,-0.03141134248200239,551.3296703296703,550.5760869565217,0.0013687179501642444,3840.0,3476.0
RDU,2023-24,0.5495054753646457,0.610230155148535,-0.06072467978388929,725.5274725274726,698.4891304347826,0.03870975354456796,521.0,0.0
RJZ,2023-24,0.45467997703078755,0.541972346017598,-0.08729236898681048,497.56043956043953,475.5978260869565,0.046178961022978804,2683.0,965.0
RJE,2025-26,0.4403147497070149,0.5121143613984609,-0.071799611691446,464.56666666666666,475.9891304347826,-0.023997320606212846,3226.0,1756.0
RD1,2025-26,0.5562431190919099,0.5982474266253396,-0.04200430753342965,292.6777777777778,284.05434782608694,0.03035838042151906,684.0,157.0
RHM,2025-26,0.6525496183206108,0.6023707811129657,0.050178837207645044,363.8888888888889,384.20652173913044,-0.052882061341053554,32.0,43.0
RFS,2022-23,0.47452460444186384,0.5604264222377204,-0.0859018177958566,153.0888888888889,109.09782608695652,0.40322584216177937,297.0,42.0
Y00751,2022-23,,,,0.0,0.0,,0.0,0.0
RR7,2022-23,0.5538539783001808,0.627030427819721,-0.07317644951954017,196.62222222222223,190.04347826086956,0.034617046696662435,898.0,65.0
RY7,2023-24,,,,0.0,0.0,,0.0,0.0
RQ3,2023-24,0.7185424179161131,0.8780749482718982,-0.15953253035578518,173.7032967032967,141.83695652173913,0.22466880961784796,24.0,0.0
RC9,2023-24,0.5806334571221241,0.6544972055807969,-0.07386374845867283,514.8791208791209,540.6739130434783,-0.047708593927081155,33.0,0.0
RAL,2024-25,0.5990307599111531,0.580358205009583,0.01867255490157005,825.3888888888889,822.3369565217391,0.0037112917557038383,5417.0,3968.0
RJE,2024-25,0.43484137508925835,0.5312209463024851,-0.09637957121322671,435.68888888888887,432.57608695652175,0.007195963961549312,3828.0,2025.0
RAJ,2025-26,0.5810310016101413,0.7297864120536454,-0.14875541044350404,869.4888888888889,984.7282608695652,-0.11702657124810667,3004.0,733.0
RY4,2025-26,,,,0.0,0.0,,0.0,0.0
M85813,2021-22,,,,0.0,0.0,,0.0,0.0
RWX,2021-22,,,,0.0,0.0,,0.0,0.0
NTV0W,2022-23,,,,0.0,0.0,,0.0,0.0
Y03571,2023-24,,,,0.0,0.0,,0.0,0.0
RH5,2021-22,0.7001216355300501,0.7662918266593527,-0.06617019112930256,356.25555555555553,396.30434782608694,-0.10105564697994762,229.0,2.0
RJR,2023-24,0.4611584604527441,0.5657678900963707,-0.10460942964362663,202.42857142857142,212.04347826086956,-0.04534403468174231,1897.0,1665.0
AQN04,2025-26,,,,0.0,0.0,,0.0,0.0
RD1,2024-25,0.5743148132814441,0.6326264660585239,-0.058311652777079837,268.3777777777778,275.25,-0.024967201533958927,551.0,39.0
RA9,2022-23,0.3446446830265849,0.36536490948423095,-0.02072022645764604,173.86666666666667,190.93478260869566,-0.08939238680784845,577.0,485.0
NNJ14,2023-24,,,,0.0,0.0,,0.0,0.0
RQ3,2022-23,0.7018160515524312,0.8803921568627451,-0.17857610531031387,189.66666666666666,171.84782608695653,0.10368964790217161,0.0,0.0
AQN04,2021-22,,,,0.0,0.0,,0.0,0.0
RTX,2022-23,0.649961515436586,0.6423652521832801,0.007596263253305868,259.84444444444443,282.5326086956522,-0.08030281657027327,1326.0,969.0
RJ6,2023-24,0.5978849828547497,0.6380840056825796,-0.040199022827829944,419.8131868131868,405.5108695652174,0.03526987393285941,1877.0,1079.0
RCD,2023-24,0.6544173516612558,0.7412259532510515,-0.08680860158979564,159.0879120879121,157.6413043478261,0.009176578093353926,239.0,2.0
RWH,2023-24,0.4229446043670575,0.4369218727764338,-0.013977268409376298,313.032967032967,305.5217391304348,0.024584921269139137,264.0,80.0
RET,2024-25,,,,0.0,0.0,,0.0,0.0
RH5,2024-25,0.5080594988971212,0.6003095425367264,-0.0922500436396052,392.9111111111111,428.4021739130435,-0.08284519772100019,949.0,54.0
G3P9C,2025-26,,,,0.0,0.0,,0.0,0.0
RET,2025-26,,,,0.0,0.0,,0.0,0.0
R1K,2025-26,0.46619672377894283,0.5373965277269064,-0.07119980394796355,442.9222222222222,445.14130434782606,-0.004985118442007996,1823.0,897.0
RM1,2021-22,0.446928810074531,0.5019915435994853,-0.05506273352495428,302.6333333333333,354.7608695652174,-0.1469371080744326,766.0,26.0
RAJ,2021-22,0.7160407827243367,0.8278338292208228,-0.11179304649648614,877.2777777777778,971.7608695652174,-0.09722874705760987,11.0,0.0
RAX,2021-22,0.675796081607857,0.7277525651144436,-0.05195648350658666,219.4777777777778,220.34782608695653,-0.00394852231868803,242.0,0.0
RHM,2021-22,0.6780312292590911,0.7912349837920295,-0.1132037545329384,318.0777777777778,342.0217391304348,-0.0700071329194828,3.0,1.0
RJ6,2022-23,0.6121936737558027,0.6494156483773926,-0.03722197462158994,411.68888888888887,408.29347826086956,0.008316103020998833,1315.0,909.0
RP6,2022-23,,,,0.0,0.0,,0.0,0.0
RNU,2023-24,,,,0.0,0.0,,0.0,0.0
RTX,2023-24,0.5986130852392644,0.6474642827303868,-0.04885119749112243,255.13186813186815,260.19565217391306,-0.01946144756738788,1465.0,938.0
RJ7,2024-25,0.7210146326396665,0.7339135840845508,-0.012898951444884288,287.7888888888889,279.7391304347826,0.02877594722481258,2323.0,1770.0
RWX,2024-25,,,,0.0,0.0,,0.0,0.0
Y03007,2021-22,,,,0.0,0.0,,0.0,0.0
RHQ,2022-23,0.4906720160481445,0.4937459358145584,-0.003073919766413913,276.94444444444446,284.1630434782609,-0.025403018441307768,112.0,53.0
RNU,2022-23,,,,0.0,0.0,,0.0,0.0
NNJ15,2022-23,,,,0.0,0.0,,0.0,0.0
RLQ,2022-23,0.50225,0.5691909012381227,-0.06694090123812269,177.77777777777777,188.75,-0.058130978660779986,942.0,828.0
NNJ15,2023-24,,,,0.0,0.0,,0.0,0.0
RLQ,2023-24,0.5288870262827037,0.5666241447292126,-0.037737118446508955,183.54945054945054,187.45652173913044,-0.020842546065786283,831.0,650.0
RFR,2021-22,1.0,1.0,0.0,233.76666666666668,257.95652173913044,-0.09377493117590874,0.0,0.0
C82009,2021-22,,,,0.0,0.0,,0.0,0.0
RAL,2021-22,0.591031204794379,0.7251327101566035,-0.13410150536222454,914.0333333333333,984.9021739130435,-0.07195520779302,1562.0,180.0
RNZ,2022-23,0.5860460863204097,0.5921188527846191,-0.0060727664642094,121.5111111111111,136.81521739130434,-0.11185967885737491,137.0,18.0
RP6,2023-24,,,,0.0,0.0,,0.0,0.0
RXP,2023-24,0.47722337125129266,0.5255735140771638,-0.048350142825871134,425.05494505494505,416.95652173913044,0.01942270451133843,41.0,13.0
RK5,2024-25,0.5149151751491517,0.6375946823311176,-0.12267950718196585,333.3666666666667,351.57608695652175,-0.05179368269181228,653.0,259.0
RKE,2021-22,0.7419750562257207,0.811898798504483,-0.0699237422787623,271.72222222222223,299.44565217391306,-0.09258250954864267,25.0,3.0
NDA57,2022-23,,,,0.0,0.0,,0.0,0.0
NDA57,2023-24,,,,0.0,0.0,,0.0,0.0
RHQ,2023-24,0.4784962519875824,0.5249971871132281,-0.04650093512564568,290.2637362637363,289.8152173913044,0.0015476029052896578,32.0,21.0
RJ7,2025-26,0.691837358605931,0.7016854594743251,-0.00984810086839416,290.75555555555553,276.6630434782609,0.050937457710726,1597.0,1635.0
RH5,2025-26,0.47563113604488083,0.5883420629570087,-0.11271092691212792,380.26666666666665,419.19565217391306,-0.09286590952306872,658.0,216.0
REP,2025-26,,,,0.0,0.0,,0.0,0.0
RK5,2025-26,0.587370108846474,0.6191006166340803,-0.03173050778760633,360.34444444444443,361.35869565217394,-0.0028067712772180675,1696.0,484.0
RLT,2021-22,0.7297146747539767,0.8473575604723146,-0.11764288571833792,179.5222222222222,189.6304347826087,-0.053304800845784484,0.0,0.0
RWH,2022-23,0.41227778393761316,0.4393555649359786,-0.02707778099836544,300.6333333333333,309.0,-0.027076591154261087,366.0,254.0
RXP,2022-23,0.4632393587617468,0.472346910501524,-0.009107551739777175,381.9,392.2826086956522,-0.026467165419784,1175.0,410.0
RAT,2022-23,,,,0.0,0.0,,0.0,0.0
RNZ,2023-24,0.5699841230049303,0.6689013329126903,-0.09891720990775998,131.5054945054945,137.81521739130434,-0.045783934497555356,14.0,8.0
REP,2024-25,,,,0.0,0.0,,0.0,0.0
RD1,2021-22,0.6384824110863456,0.7036049335682651,-0.06512252248191952,229.3111111111111,228.25,0.004648898624802111,4.0,0.0
RY4,2021-22,,,,0.0,0.0,,0.0,0.0
RYF,2021-22,,,,0.0,0.0,,0.0,0.0
NJS05,2021-22,,,,0.0,0.0,,0.0,0.0
RAT,2023-24,,,,0.0,0.0,,0.0,0.0
RWX,2025-26,,,,0.0,0.0,,0.0,0.0
RJE,2021-22,0.44534390352836084,0.5436110487311925,-0.09826714520283164,398.0444444444444,484.0217391304348,-0.17763106020909758,2181.0,24.0
RCD,2022-23,0.6879131641230719,0.6411319656627382,0.046781198460333684,136.14444444444445,149.41304347826087,-0.08880482402961676,284.0,134.0
R1K,2024-25,0.43692595602176754,0.530312024156709,-0.09338606813494144,451.23333333333335,421.1630434782609,0.07139821577584504,1900.0,1128.0
RCB,2021-22,0.4925557355550413,0.6067820407166621,-0.1142263051616208,288.06666666666666,356.1195652173913,-0.1910956465118172,1344.0,99.0
RTQ,2021-22,,,,0.0,0.0,,0.0,0.0
RFF,2022-23,0.5280689595425799,0.6356267139861268,-0.10755775444354687,256.5111111111111,269.5217391304348,-0.048273018945708124,93.0,0.0
RVR,2022-23,0.6995066571564432,0.7360395631568102,-0.03653290600036696,373.8666666666667,422.0,-0.11406003159557665,1464.0,488.0
RTD,2022-23,0.5656747482702369,0.669709841129744,-0.10403509285950707,395.0444444444444,394.0869565217391,0.0024296361675002487,240.0,1.0
RWY,2023-24,0.6598246448718821,0.7099212383957146,-0.050096593523832555,485.04395604395603,478.8804347826087,0.012870689244477651,2.0,8.0
RY5,2023-24,,,,0.0,0.0,,0.0,0.0
RBK,2024-25,0.6139670581283698,0.7216582064297801,-0.10769114830141024,300.8666666666667,282.6521739130435,0.06444136799466738,922.0,130.0
RY8,2025-26,,,,0.0,0.0,,0.0,0.0
NQT1I,2025-26,,,,0.0,0.0,,0.0,0.0
RBK,2025-26,0.6151585135418853,0.6801613702314389,-0.06500285668955352,317.53333333333336,307.1521739130435,0.03379809847358861,1680.0,273.0
RAN,2025-26,,,,0.0,0.0,,0.0,0.0
RK9,2025-26,0.38684158997454476,0.530457571894036,-0.1436159819194912,283.72222222222223,306.9130434782609,-0.07556153688750378,1839.0,1242.0
RP5,2021-22,0.6130552778174547,0.6673054810272134,-0.05425020320975871,388.94444444444446,425.3804347826087,-0.08565506863705408,148.0,2.0
NNJ0H,2022-23,,,,0.0,0.0,,0.0,0.0
RJ1,2022-23,0.6658304064224787,0.6958856035408427,-0.03005519711836402,398.6,415.0326086956522,-0.03959353639054031,117.0,121.0
RGR,2023-24,0.5641135767120019,0.6600546212447894,-0.09594104453278751,230.27472527472528,226.8586956521739,0.015057962017858584,1610.0,473.0
RBT,2023-24,0.47369423415702516,0.5124116860798167,-0.038717451922791524,230.8021978021978,227.69565217391303,0.013643412154009882,1684.0,737.0
Y02532,2023-24,,,,0.0,0.0,,0.0,0.0
AQM01,2025-26,,,,0.0,0.0,,0.0,0.0
RVV,2025-26,0.5344611528822055,0.5272241848925325,0.007236967989672993,443.3333333333333,403.05434782608694,0.0999343778934405,3479.0,3656.0
RBN,2025-26,0.6001809491965462,0.6220749357500338,-0.02189398655348762,564.9222222222222,562.5108695652174,0.004286766331944136,1550.0,741.0
RNQ,2021-22,1.0,1.0,0.0,255.85555555555555,273.1304347826087,-0.06324772719233085,0.0,0.0
RRF,2021-22,0.5228929335253808,0.7085746102449888,-0.185681676719608,254.56666666666666,292.82608695652175,-0.1306557782727048,271.0,70.0
8J094,2021-22,,,,0.0,0.0,,0.0,0.0
NQT51,2022-23,,,,0.0,0.0,,0.0,0.0
Y02615,2022-23,,,,0.0,0.0,,0.0,0.0
G0Q0L,2023-24,,,,0.0,0.0,,0.0,0.0
RWJ,2025-26,0.5890026348753834,0.6284248717627925,-0.03942223688740909,257.23333333333335,260.64130434782606,-0.013075329802465951,1382.0,465.0
RVR,2023-24,0.7440495336120939,0.7586317050445894,-0.014582171432495517,409.97802197802196,408.3152173913044,0.004072355170451791,2197.0,1384.0
RBS,2023-24,0.8171142706687731,0.8935105962880084,-0.07639632561923537,208.6813186813187,165.15217391304347,0.26356991698573906,0.0,0.0
RK9,2024-25,0.472678115837173,0.45847102886098257,0.014207086976190442,291.7888888888889,296.0217391304348,-0.014299119564596618,2028.0,1345.0
RW1,2025-26,,,,0.0,0.0,,0.0,0.0
RJL,2021-22,0.6208417789436032,0.6514944939695857,-0.030652715025982546,372.75555555555553,414.5652173913044,-0.10085183243022788,696.0,102.0
RYG,2023-24,,,,0.0,0.0,,0.0,0.0
RY8,2024-25,,,,0.0,0.0,,0.0,0.0
RWJ,2024-25,0.5960473257411264,0.5981943213939164,-0.0021469956527899736,250.74444444444444,257.64130434782606,-0.02676923221158123,1219.0,620.0
RW1,2024-25,,,,0.0,0.0,,0.0,0.0
C83023,2021-22,,,,0.0,0.0,,0.0,0.0
NTP11,2021-22,,,,0.0,0.0,,0.0,0.0
NLX,2021-22,,,,0.0,0.0,,0.0,0.0
RTD,2023-24,0.5788725074537049,0.6580350997935307,-0.07916259233982581,401.74725274725273,379.04347826086956,0.059897546821153114,177.0,46.0
RN5,2024-25,0.5246236937138474,0.6118535419382878,-0.08722984822444035,347.6777777777778,400.17391304347825,-0.1311833019460137,457.0,44.0
RAN,2024-25,,,,0.0,0.0,,0.0,0.0
RN5,2025-26,0.47661213338161235,0.596039727653195,-0.11942759427158267,337.5444444444444,348.0217391304348,-0.030105287997723607,77.0,67.0
Y02532,2022-23,,,,0.0,0.0,,0.0,0.0
RWY,2022-23,0.6589621845701478,0.7291418823370968,-0.07017969776694899,461.0111111111111,484.25,-0.04798944530488147,19.0,4.0
RTG,2022-23,0.35012299133313407,0.4070229342697246,-0.05689994293659051,483.3222222222222,495.2717391304348,-0.02412719314288514,2387.0,937.0
RNN,2023-24,0.5476190476190477,0.6299411896076825,-0.08232214198863486,277.38461538461536,292.0217391304348,-0.05012340447462926,2040.0,716.0
RBN,2024-25,0.6185767078885975,0.6404876665721577,-0.02191095868356019,538.1888888888889,536.7173913043479,0.0027416618287046113,1308.0,994.0
RJN,2021-22,0.603362831858407,0.6129007807170469,-0.0095379488586399,125.55555555555556,143.40217391304347,-0.124451518903122,193.0,20.0
RBS,2022-23,0.6978025097950145,0.8049838187702265,-0.10718130897521205,195.67777777777778,167.93478260869566,0.16520100683207484,0.0,0.0
RVV,2024-25,0.5209117631891084,0.5429485146421398,-0.02203675145303141,430.9111111111111,411.2608695652174,0.047780479496305706,3883.0,3307.0
RFF,2023-24,0.5594169948438958,0.6499316115536247,-0.09051461670972882,270.6703296703297,270.19565217391306,0.0017567917640328723,1.0,0.0
RJ1,2023-24,0.5748306961517475,0.666480179028133,-0.09164948287638541,342.38461538461536,408.0,-0.16082202111613886,98.0,165.0
RWF,2021-22,0.7991423791909149,0.7988427650900802,0.00029961410083467754,471.5888888888889,495.9347826086956,-0.049090917946394974,37.0,0.0
RGR,2022-23,1.0,1.0,0.0,213.7111111111111,228.1304347826087,-0.063206488363721,1440.0,478.0
RNN,2022-23,0.5882834233349697,0.634627162762211,-0.04634373942724124,271.6,283.95652173913044,-0.043515541264737334,1418.0,1051.0
RBT,2022-23,0.41774193548387095,0.4481774804466526,-0.03043554496278167,213.55555555555554,220.9673913043478,-0.03354266756303259,1510.0,725.0
Y02615,2023-24,,,,0.0,0.0,,0.0,0.0
NNJ0H,2023-24,,,,0.0,0.0,,0.0,0.0
NQT51,2023-24,,,,0.0,0.0,,0.0,0.0
RTG,2023-24,0.5530236489285891,0.4812535564500833,0.07177009247850585,663.0879120879121,515.75,0.28567699871626195,2399.0,502.0
RY5,2022-23,,,,0.0,0.0,,0.0,0.0
NNJ12,2021-22,,,,0.0,0.0,,0.0,0.0
RA2,2021-22,0.6651440404409525,0.741664464993395,-0.07652042455244246,182.43333333333334,205.70652173913044,-0.11313782474680756,0.0,0.0
C82010,2021-22,,,,0.0,0.0,,0.0,0.0
Y03218,2022-23,,,,0.0,0.0,,0.0,0.0
RCF,2023-24,0.45197044334975367,0.5956409352602514,-0.14367049191049774,178.46153846153845,185.02173913043478,-0.03545637771933163,476.0,0.0
RR8,2023-24,0.5553157986819852,0.5891310899045705,-0.03381529122258531,565.2857142857143,541.0326086956521,0.04482743775561482,1800.0,321.0
AXG,2024-25,,,,0.0,0.0,,0.0,0.0
RH8,2024-25,0.5482234973627775,0.6218364740532228,-0.07361297669044531,383.4,417.0326086956522,-0.08064743138634778,475.0,111.0
Y02428,2025-26,,,,0.0,0.0,,0.0,0.0
C82038,2021-22,,,,0.0,0.0,,0.0,0.0
RXF,2021-22,1.0,1.0,0.0,530.4333333333333,620.3369565217391,-0.14492707913534608,1.0,2.0
RCF,2022-23,0.4539162840220936,0.5631827908548259,-0.10926650683273231,166.96666666666667,193.02173913043478,-0.13498517100274054,149.0,15.0
RBD,2023-24,0.6423346055979644,0.6252910360884749,0.017043569509489487,138.1978021978022,149.3913043478261,-0.07492740088782002,113.0,53.0
RTF,2023-24,0.7132547913939515,0.828611440267155,-0.11535664887320352,327.3956043956044,302.70652173913044,0.08156111904899999,6.0,0.0
Y02428,2024-25,,,,0.0,0.0,,0.0,0.0
DJV01,2025-26,,,,0.0,0.0,,0.0,0.0
RL4,2021-22,0.7102757476050432,0.7256169501523941,-0.01534120254735094,381.5888888888889,442.2173913043478,-0.13710112629589566,243.0,5.0
RTK,2021-22,0.6572828312372039,0.745409604519774,-0.08812677328257013,303.9111111111111,338.60869565217394,-0.1024710380642585,20.0,18.0
REF,2022-23,0.4089872810175186,0.44989350663535577,-0.04090622561783719,185.2,199.0326086956522,-0.06949920812626298,1940.0,1930.0
NNFA7,2022-23,,,,0.0,0.0,,0.0,0.0
RBD,2022-23,0.5056555967785721,0.5291850220264317,-0.023529425247859614,122.78888888888889,138.17391304347825,-0.1113453604643031,149.0,10.0
Y03218,2023-24,,,,0.0,0.0,,0.0,0.0
RWA,2024-25,0.38412529864613754,0.4870871526262185,-0.10296185398008095,292.9888888888889,298.82608695652175,-0.019533763357421186,1781.0,898.0
RH8,2025-26,0.5451778634053722,0.6020015011258444,-0.056823637720472164,397.93333333333334,434.45652173913044,-0.08406638312067383,1000.0,357.0
RXW,2025-26,0.43639740018570106,0.4556324924503554,-0.019235092264654363,347.03333333333336,356.3369565217391,-0.026109060590346567,4396.0,4041.0
RTR,2021-22,0.5895665949983027,0.6912157366410924,-0.10164914164278971,294.56666666666666,321.5978260869565,-0.08405268079449302,51.0,5.0
RPC,2021-22,,,,0.0,0.0,,0.0,0.0
NNJ,2022-23,,,,0.0,0.0,,0.0,0.0
Y02676,2022-23,,,,0.0,0.0,,0.0,0.0
REF,2023-24,0.4083376046471895,0.47259193532485455,-0.06425433067766506,192.95604395604394,220.5,-0.12491590042610456,2090.0,1238.0
NQTE4,2025-26,,,,0.0,0.0,,0.0,0.0
RWA,2025-26,0.46698129338941896,0.44188445667125176,0.025096836718167204,324.9,316.0869565217391,0.027881705639614784,1901.0,1130.0
R0B,2025-26,0.4862512423576183,0.533492894540015,-0.04724165218239673,368.9222222222222,363.3152173913044,0.015432892877919047,5.0,7.0
ARN03,2025-26,,,,0.0,0.0,,0.0,0.0
NNJ13,2021-22,,,,0.0,0.0,,0.0,0.0
RV9,2021-22,,,,0.0,0.0,,0.0,0.0
R1F,2021-22,0.6481933310096433,0.7731034482758621,-0.12491011726621881,95.63333333333334,110.32608695652173,-0.133175697865353,50.0,4.0
RR8,2022-23,0.5053105824312478,0.4891314488291818,0.01617913360206602,545.0333333333333,582.554347826087,-0.0644077494791182,2344.0,1412.0
NNF09,2022-23,,,,0.0,0.0,,0.0,0.0
NNF09,2023-24,,,,0.0,0.0,,0.0,0.0
RDY,2024-25,,,,0.0,0.0,,0.0,0.0
NQTE4,2024-25,,,,0.0,0.0,,0.0,0.0
R1D,2024-25,,,,0.0,0.0,,0.0,0.0
RJ2,2024-25,0.4693858034284075,0.5259434531714031,-0.0565576497429956,464.74444444444447,450.1847826086956,0.032341523743605105,2315.0,1304.0
RYX,2021-22,,,,0.0,0.0,,0.0,0.0
R0A,2021-22,0.550330270859707,0.6156122643575056,-0.06528199349779862,886.4777777777778,1538.9239130434783,-0.4239625687376445,374.0,376.0
NNJ,2023-24,,,,0.0,0.0,,0.0,0.0
AJN,2024-25,,,,0.0,0.0,,0.0,0.0
R0B,2024-25,0.4395243453666251,0.5845112601820796,-0.14498691481545445,365.34444444444443,362.95652173913044,0.00657908747271474,88.0,6.0
RPA,2024-25,0.6097193981293209,0.6787179097675832,-0.06899851163826232,273.22222222222223,286.2173913043478,-0.045403142775161554,2234.0,1849.0
AJN,2025-26,,,,0.0,0.0,,0.0,0.0
RJ2,2025-26,0.4875533951981146,0.5121368624919302,-0.024583467293815664,528.0333333333333,505.10869565217394,0.045385553403629375,2320.0,1911.0
RXG,2021-22,,,,0.0,0.0,,0.0,0.0
RXW,2024-25,0.4124776201625121,0.45443429012742953,-0.041956669964917426,322.7111111111111,337.7826086956522,-0.04461892707484161,3940.0,1753.0
RPA,2025-26,0.5992384236807127,0.6443205527242877,-0.045082129043575,309.3,317.79347826086956,-0.026726408318226813,2366.0,1764.0
RMC,2021-22,0.5908527655739552,0.6744111929120056,-0.08355842733805041,295.9,341.05434782608694,-0.1323963412690825,413.0,96.0
RTF,2022-23,0.8196164751529622,0.818018624481095,0.0015978506718672403,297.8222222222222,290.64130434782606,0.02470714852628908,32.0,0.0
NNFA7,2023-24,,,,0.0,0.0,,0.0,0.0
ARN03,2024-25,,,,0.0,0.0,,0.0,0.0
RMP,2021-22,0.5647113811638234,0.6666404807730075,-0.10192909960918417,237.72222222222223,276.7282608695652,-0.1409543012512492,144.0,1.0
Y02676,2023-24,,,,0.0,0.0,,0.0,0.0
R1D,2025-26,,,,0.0,0.0,,0.0,0.0
RDY,2025-26,,,,0.0,0.0,,0.0,0.0
RWW,2021-22,0.5802469135802469,0.6712194706833461,-0.09097255710309915,221.4,255.45652173913044,-0.13331631350523354,149.0,1.0
NDJ,2021-22,,,,0.0,0.0,,0.0,0.0
RY8,2022-23,,,,0.0,0.0,,0.0,0.0
RBK,2022-23,0.6065632888568337,0.6083993057025527,-0.0018360168457189907,246.48888888888888,256.75,-0.03996537920588561,532.0,49.0
RVV,2022-23,0.5339413432646325,0.5799036318966995,-0.04596228863206697,525.0888888888888,570.7282608695652,-0.07996690388371508,3375.0,2542.0
RN5,2022-23,0.574605495643697,0.6284935042083346,-0.0538880085646376,364.73333333333335,370.64130434782606,-0.015939861384009157,61.0,7.0
RBK,2023-24,0.6148836470494798,0.6305574555403557,-0.01567380849087585,276.72527472527474,254.2608695652174,0.08835179868011611,280.0,129.0
RYG,2024-25,,,,0.0,0.0,,0.0,0.0
NNJ0H,2025-26,,,,0.0,0.0,,0.0,0.0
RTG,2025-26,0.5074453918126632,0.5425354237379452,-0.03509003192528193,642.4555555555555,605.25,0.06147138464362745,3041.0,1946.0
G0Q0L,2025-26,,,,0.0,0.0,,0.0,0.0
Y02532,2025-26,,,,0.0,0.0,,0.0,0.0
AD913,2021-22,,,,0.0,0.0,,0.0,0.0
RGN,2021-22,0.46361925912217394,0.5594826482264055,-0.09586338910423153,360.23333333333335,424.4021739130435,-0.15119819012250824,875.0,49.0
RK9,2022-23,1.0,1.0,0.0,253.85555555555555,253.69565217391303,0.000630296105874617,2677.0,1886.0
RW1,2023-24,,,,0.0,0.0,,0.0,0.0
RAN,2023-24,,,,0.0,0.0,,0.0,0.0
RVV,2023-24,0.4380441720924295,0.48655974700700244,-0.04851557491457292,430.38461538461536,384.95652173913044,0.11800837518027474,3739.0,2606.0
G0Q0L,2024-25,,,,0.0,0.0,,0.0,0.0
RFF,2024-25,0.5909709530660652,0.7349671838840623,-0.14399623081799717,285.74444444444447,286.5108695652174,-0.002675029823252295,10.0,0.0
RTD,2024-25,0.6074471710974778,0.6052128236603957,0.0022343474370820626,391.2,380.75,0.02744583059750494,129.0,77.0
RWY,2024-25,0.657879990137404,0.697154690769463,-0.03927470063205907,495.7,503.8804347826087,-0.016234872834739122,100.0,6.0
RBT,2025-26,0.4689672293942403,0.3985654789449329,0.07040175044930741,223.77777777777777,234.8913043478261,-0.047313486554578676,1775.0,1294.0
RWP,2021-22,0.5703540634745918,0.6198385552059105,-0.049484491731318636,363.4,397.2282608695652,-0.08516076070597889,605.0,133.0
RBN,2022-23,0.5341792132102963,0.5421120386986034,-0.007932825488307094,549.0666666666667,557.2608695652174,-0.014704429013549625,967.0,600.0
RN5,2023-24,0.5803146932306995,0.7008474109943322,-0.12053271776363272,388.3076923076923,395.0652173913044,-0.01710483430617693,328.0,14.0
RNN,2024-25,0.5268934350159383,0.5901437830589287,-0.06325034804299035,275.3666666666667,291.80434782608694,-0.05633117286249956,1566.0,1150.0
RGR,2024-25,0.6045888232621536,0.6628714612273606,-0.05828263796520705,244.55555555555554,247.2608695652174,-0.010941132797999464,1892.0,1060.0
RTG,2024-25,0.5125670610715073,0.5713385063045586,-0.058771445233051334,604.7555555555556,672.3913043478261,-0.10058986241333479,3169.0,2548.0
RVR,2024-25,0.6906997121041432,0.7351266984943077,-0.04442698639016451,355.06666666666666,355.17391304347825,-0.000301954543599825,2132.0,1806.0
RBS,2024-25,0.7954571395959366,0.8740082728690581,-0.07855113327312158,194.6888888888889,160.29347826086956,0.21457772955704746,0.0,0.0
Y02615,2025-26,,,,0.0,0.0,,0.0,0.0
RWY,2025-26,0.8138701975255047,0.8374595452577765,-0.023589347732271837,511.8888888888889,527.2934782608696,-0.02921445078893914,355.0,30.0
RJ1,2025-26,0.637478974967844,0.6590864600326265,-0.021607485064782495,336.9,333.1521739130435,0.011249592169657374,186.0,213.0
RNN,2025-26,0.5391025390242948,0.5720637552281548,-0.032961216203859944,284.0111111111111,288.4673913043478,-0.015448124563012033,1319.0,987.0
RK9,2023-24,0.3653920882878682,0.3772455089820359,-0.011853420694167727,282.7912087912088,292.25,-0.03236541046635133,1995.0,874.0
NQT51,2024-25,,,,0.0,0.0,,0.0,0.0
NNJ0H,2024-25,,,,0.0,0.0,,0.0,0.0
RFF,2025-26,0.6917235023041475,0.7109321391166167,-0.019208636812469204,301.3888888888889,300.9673913043478,0.0014004759210437534,31.0,0.0
RBS,2025-26,0.8355077190693629,0.8631993289023682,-0.027691609833005226,204.4,168.44565217391303,0.21344776408337118,0.0,0.0
RY5,2025-26,,,,0.0,0.0,,0.0,0.0
RNS,2021-22,0.5868540719305498,0.7213932199605553,-0.13453914803000544,268.77777777777777,292.0978260869565,-0.07983643227196235,933.0,0.0
RBN,2023-24,0.5606054850717921,0.6016930927290856,-0.04108760765729347,578.5934065934066,555.9673913043479,0.04069665891011365,1251.0,613.0
Y02532,2024-25,,,,0.0,0.0,,0.0,0.0
RTD,2025-26,0.5612706275379431,0.6468653197730201,-0.08559469223507699,385.81111111111113,396.5108695652174,-0.02698477967536872,154.0,117.0
RXQ,2021-22,0.6175625054447251,0.655030390275112,-0.03746788483038688,255.0888888888889,271.82608695652175,-0.061573185469538605,0.0,0.0
RW1,2022-23,,,,0.0,0.0,,0.0,0.0
RJ1,2024-25,0.5890147614143495,0.597381822930269,-0.008367061515919483,323.6666666666667,332.95652173913044,-0.027901105597632037,177.0,156.0
RAE,2021-22,0.7169875042215468,0.7933646537162162,-0.07637714949466945,329.0,411.82608695652175,-0.20111908783783783,5.0,0.0
RBT,2024-25,0.4036838447026114,0.4591918525154416,-0.05550800781283016,223.8,230.5326086956522,-0.029204582960064118,1808.0,1611.0
Y02615,2024-25,,,,0.0,0.0,,0.0,0.0
RGR,2025-26,0.6514473684210527,0.7060546069454756,-0.05460723852442295,253.33333333333334,263.54347826086956,-0.03874178558662589,1509.0,584.0
RRK,2021-22,0.5360518187266607,0.5645835167953347,-0.02853169806867395,964.0444444444445,1110.8804347826087,-0.13217983298706582,502.0,42.0
RDR,2021-22,,,,0.0,0.0,,0.0,0.0
RY8,2023-24,,,,0.0,0.0,,0.0,0.0
RYG,2025-26,,,,0.0,0.0,,0.0,0.0
RN3,2021-22,0.5897296931102229,0.639467354959817,-0.04973766184959405,164.01111111111112,185.29347826086956,-0.11485761587245713,145.0,2.0
RWJ,2022-23,0.5637373945256225,0.6147002362669817,-0.05096284174135912,269.94444444444446,294.4347826086956,-0.08317746275513538,702.0,405.0
RVR,2025-26,0.6884789839733898,0.6804787635084192,0.00800022046497062,367.44444444444446,346.0,0.061978163134232434,2466.0,2659.0
RY5,2024-25,,,,0.0,0.0,,0.0,0.0
RGP,2021-22,0.5878256544177081,0.6749425494525301,-0.087116895034822,178.7,241.22826086956522,-0.25920785833370885,958.0,187.0
RAN,2022-23,,,,0.0,0.0,,0.0,0.0
RWJ,2023-24,0.5564955383010778,0.6664499101097808,-0.10995437180870304,284.4725274725275,284.1630434782609,0.001089107121314603,1624.0,219.0
NTPAD,2021-22,,,,0.0,0.0,,0.0,0.0
RCU,2021-22,0.9391020408163265,0.9647955647955648,-0.025693523979238297,136.11111111111111,156.84782608695653,-0.13220913220913222,0.0,0.0
RA7,2022-23,0.5903855703461643,0.5697235434007135,0.02066202694545083,693.6333333333333,731.304347826087,-0.05151208878319469,3757.0,2870.0
RYY,2022-23,,,,0.0,0.0,,0.0,0.0
RQW,2022-23,0.46888059701492535,0.5003202109625164,-0.031439613947591094,297.77777777777777,288.5326086956522,0.032042025072727576,265.0,421.0
RVW,2021-22,1.0,1.0,0.0,114.93333333333334,117.51086956521739,-0.02193444948046741,20.0,10.0
RBL,2023-24,0.47491638795986624,0.48706284951172685,-0.01214646155186061,253.0,260.45652173913044,-0.028628662048243103,2229.0,538.0
RHW,2023-24,0.5987404020360625,0.6888413225933645,-0.09010092055730201,382.1208791208791,385.9347826086956,-0.009882248658793391,9.0,0.0
RTE,2024-25,0.6131971804561658,0.6134610268688481,-0.00026384641268228926,414.56666666666666,408.5869565217391,0.014635097987053314,1528.0,1526.0
RJC,2025-26,0.7119765494137353,0.7661864745898359,-0.05420992517610057,265.3333333333333,271.6304347826087,-0.023182606375883763,371.0,53.0
RM3,2021-22,0.5359241734727705,0.6221503056454513,-0.08622613217268071,737.3555555555556,302.2826086956522,1.4392920212553437,1455.0,2.0
RHU,2021-22,1.0,1.0,0.0,250.43333333333334,277.17391304347825,-0.09647581699346397,0.0,0.0
NL7,2023-24,,,,0.0,0.0,,0.0,0.0
RYY,2023-24,,,,0.0,0.0,,0.0,0.0
RW4,2023-24,,,,0.0,0.0,,0.0,0.0
RWE,2025-26,0.6092457570001838,0.601691325289863,0.007554431710320775,725.3777777777777,692.7934782608696,0.04703320764321428,2264.0,2162.0
RTE,2025-26,0.6181908914219678,0.6133389511252106,0.004851940296757173,423.0444444444444,438.5652173913044,-0.03538988577156521,1467.0,646.0
RL1,2025-26,,,,0.0,0.0,,0.0,0.0
RTH,2021-22,0.6250696926962054,0.7379885518920459,-0.11291885919584055,338.7888888888889,419.6630434782609,-0.1927121195115704,1.0,0.0
RTP,2021-22,0.7467741935483871,0.8874320971095164,-0.14065790356112928,303.1111111111111,324.1521739130435,-0.06491106491106502,0.0,0.0
AAH,2022-23,,,,0.0,0.0,,0.0,0.0
DT301,2022-23,,,,0.0,0.0,,0.0,1.0
RWD,2024-25,0.5398347028014031,0.32733346969387056,0.21250123310753255,462.46666666666664,318.8478260869565,0.45043067203018117,3436.0,2784.0
RXC,2024-25,0.49142440614012517,0.6972253277772131,-0.20580092163708796,259.1333333333333,320.8369565217391,-0.19232080947702457,247.0,29.0
RL1,2024-25,,,,0.0,0.0,,0.0,0.0
RYR,2025-26,0.5776762651261627,0.6334747330258712,-0.05579846789970855,873.2111111111111,881.4565217391304,-0.00935430214045152,2860.0,1319.0
RCX,2021-22,0.6041597521849762,0.7249138261202605,-0.12075407393528426,200.86666666666667,227.04347826086956,-0.11529426784118468,181.0,20.0
DD401,2021-22,,,,0.0,0.0,,0.0,0.0
RHW,2022-23,0.6126384060299745,0.6720571428571429,-0.05941873682716836,380.3222222222222,380.4347826086956,-0.00029587301587297166,0.0,0.0
AAH,2023-24,,,,0.0,0.0,,0.0,0.0
RJ8,2024-25,,,,0.0,0.0,,0.0,0.0
NNF16,2024-25,,,,0.0,0.0,,0.0,0.0
NNF16,2025-26,,,,0.0,0.0,,0.0,0.0
RAS,2021-22,0.5386323268206039,0.5695348837209302,-0.030902556900326283,175.15555555555557,186.95652173913044,-0.0631214470284237,57.0,17.0
RNA,2023-24,0.582176875602012,0.5853843926451425,-0.0032075170431304922,308.032967032967,300.30434782608694,0.02573595508299431,429.0,185.0
RJC,2024-25,0.6171445871718351,0.7231266410826096,-0.10598205391077453,256.9,269.07608695652175,-0.04525146435063632,294.0,15.0
RYR,2024-25,0.5884083841187053,0.5754483470760634,0.012960037042641925,796.7444444444444,715.7934782608696,0.11309262886867533,2938.0,3403.0
RJ8,2025-26,,,,0.0,0.0,,0.0,0.0
RW4,2022-23,,,,0.0,0.0,,0.0,0.0
RNA,2022-23,0.5992530556813038,0.6478775480382846,-0.04862449235698074,294.53333333333336,297.54347826086956,-0.010116655707362088,149.0,206.0
DT301,2023-24,,,,0.0,0.0,,0.0,0.0
RWE,2024-25,0.5698357644003105,0.5822734999685197,-0.012437735568209263,701.5666666666667,690.5652173913044,0.015931079351088284,3052.0,2204.0
RN7,2024-25,0.661698429997938,0.6753955599165951,-0.013697129918657014,377.2111111111111,354.4782608695652,0.06413044959592251,1250.0,303.0
RN7,2025-26,0.741558517822538,0.7169913910285455,0.024567126793992533,378.4222222222222,359.8369565217391,0.05164912987296311,1188.0,386.0
RWD,2025-26,0.5804965446634246,0.5827045508134874,-0.00220800615006278,564.3444444444444,553.1739130434783,0.020193525286663627,3972.0,3165.0
R1H,2021-22,0.586696277817496,0.7171926851655723,-0.13049640734807633,730.4555555555555,769.7282608695652,-0.051021519295190165,1062.0,71.0
RA7,2023-24,0.6122380129043141,0.7054993928576654,-0.09326137995335126,781.7472527472528,742.9673913043479,0.0521959131676335,1713.0,399.0
RXC,2025-26,0.5542914746543779,0.5895219682323061,-0.03523049357792818,308.6222222222222,286.7282608695652,0.07635787726769183,380.0,42.0
NL7,2022-23,,,,0.0,0.0,,0.0,0.0
RBL,2022-23,0.514152239626271,0.49862660944206005,0.015525630184210937,242.6,253.2608695652174,-0.04209442060085844,946.0,241.0
RQW,2023-24,0.4159937376400791,0.4885844748858448,-0.0725907372457657,266.72527472527474,299.9347826086956,-0.11072242970481705,474.0,249.0
RRV,2021-22,0.727509317568436,0.8707031609989863,-0.1431938434305503,345.8222222222222,353.8369565217391,-0.022650924816623896,88.0,9.0
RHQ,2021-22,0.4712593242650285,0.5041250227148828,-0.03286569844985432,278.5444444444444,299.07608695652175,-0.0686502311870294,20.0,7.0
NDA57,2021-22,,,,0.0,0.0,,0.0,0.0
RWH,2021-22,0.502257506208142,0.6070694042597693,-0.10481189805162727,295.31111111111113,311.8152173913044,-0.052929123915982035,50.0,3.0
RKE,2023-24,0.6380153200662073,0.670161948036817,-0.03214662797060963,285.4835164835165,279.8804347826087,0.020019554797604533,984.0,560.0
RYF,2023-24,,,,0.0,0.0,,0.0,0.0
RAT,2021-22,,,,0.0,0.0,,0.0,0.0
RXP,2021-22,0.4790151091214325,0.6392543859649122,-0.16023927684347972,377.25555555555553,416.3478260869565,-0.09389329805996471,78.0,8.0
RAJ,2022-23,0.5929170572259476,0.6506449578627529,-0.05772790063680533,924.6,947.9891304347826,-0.024672361405721488,66.0,28.0
C82009,2022-23,,,,0.0,0.0,,0.0,0.0
RFR,2023-24,0.5708826279627597,0.5947587495752633,-0.02387612161250363,270.2967032967033,255.91304347826087,0.05620526262728087,41.0,0.0
Y00751,2024-25,,,,0.0,0.0,,0.0,0.0
RA9,2024-25,0.5090600226500566,0.5472157419616595,-0.03815571931160289,196.22222222222223,214.32608695652175,-0.08446878768412391,200.0,154.0
RWG,2024-25,0.6154904499838135,0.6874452737355627,-0.07195482375174922,274.5777777777778,260.6847826086956,0.05329423156217139,66.0,47.0
RXK,2024-25,0.539052814282172,0.5308178404615806,0.008234973820591351,358.4888888888889,474.7391304347826,-0.24487183401003354,778.0,1943.0
RJZ,2024-25,0.5338308792218562,0.5766397983792122,-0.04280891915735596,495.76666666666665,500.29347826086956,-0.009048312222536103,3320.0,1876.0
RQ3,2025-26,0.7509567682494684,0.8808359621451104,-0.12987919389564195,156.77777777777777,137.82608695652175,0.13750438135296172,8.0,3.0
AC008,2021-22,,,,0.0,0.0,,0.0,0.0
RNZ,2021-22,0.725037855170571,0.737521197375212,-0.01248334220464109,124.74444444444444,147.42391304347825,-0.1538384657606069,0.0,0.0
RLT,2022-23,0.6466640568200883,0.6867350507052103,-0.04007099388512203,198.67777777777778,186.5,0.06529639559130174,27.0,0.0
RFR,2022-23,1.0,1.0,0.0,241.9,249.7608695652174,-0.031473583427626406,104.0,0.0
RLT,2023-24,0.659618076384723,0.6677489177489178,-0.00813084136419473,219.82417582417582,200.8695652173913,0.09436278007706567,644.0,10.0
RM1,2023-24,0.6198265254059245,0.6083509513742071,0.011475574031717395,366.14285714285717,349.60869565217394,0.04729333593902685,622.0,1031.0
AQN04,2023-24,,,,0.0,0.0,,0.0,0.0
RAX,2023-24,0.4942095716478303,0.5508524111056989,-0.05664283945786863,236.27472527472528,223.15217391304347,0.05880539334022061,1333.0,534.0
NNJ14,2024-25,,,,0.0,0.0,,0.0,0.0
RY7,2025-26,,,,0.0,0.0,,0.0,0.0
RXK,2025-26,0.5173620457604307,0.641305944929325,-0.12394389916889437,371.5,369.8804347826087,0.004378618237385723,1515.0,244.0
RJZ,2025-26,0.543890290445695,0.5776247697570389,-0.03373447931134388,515.3,495.69565217391306,0.03954916235417927,2700.0,2059.0
L83087,2025-26,,,,0.0,0.0,,0.0,0.0
RKE,2022-23,0.6194922901871542,0.7172948168208833,-0.09780252663372901,283.18888888888887,288.9782608695652,-0.020033935989702156,1135.0,139.0
RAL,2022-23,0.539876442475813,0.5604654571695964,-0.02058901469378338,953.2222222222222,963.9891304347826,-0.01116911785893715,4374.0,2797.0
RD1,2022-23,0.524799432649262,0.5679176495818143,-0.043118216932552356,250.67777777777778,253.42391304347825,-0.010836133152238636,344.0,22.0
RHM,2022-23,0.5890868258929927,0.6364629502465822,-0.04737612435358951,366.1222222222222,348.2391304347826,0.051352907311456475,19.0,3.0
RD1,2023-24,0.5954969885605723,0.6088903912786275,-0.013393402718055225,271.85714285714283,257.2391304347826,0.056826550446088975,72.0,55.0
RC9,2024-25,0.5412482142476385,0.6267354306343476,-0.08548721638670909,521.1,526.9021739130435,-0.011011861784424926,112.0,13.0
RY7,2024-25,,,,0.0,0.0,,0.0,0.0
RR7,2024-25,0.5436355414876781,0.563771770362986,-0.02013622887530786,196.57777777777778,185.3586956521739,0.06052633293587961,30.0,3.0
RCD,2021-22,0.6441467200392125,0.778466198540548,-0.13431947850133552,136.01111111111112,157.8913043478261,-0.13857756972172497,64.0,0.0
RNU,2021-22,,,,0.0,0.0,,0.0,0.0
RAX,2022-23,0.4997370308391107,0.6248173117721937,-0.125080280933083,232.38888888888889,230.55434782608697,0.007957087255564321,1319.0,1209.0
RM1,2022-23,0.544311484193606,0.4199781729472941,0.12433331124631186,311.05555555555554,338.6304347826087,-0.08143059924532614,1532.0,1646.0
RY4,2023-24,,,,0.0,0.0,,0.0,0.0
RDU,2024-25,0.5887042087973358,0.5900952268116049,-0.0013910180142691075,737.3444444444444,733.945652173913,0.0046308500642580075,1433.0,602.0
NTV0W,2024-25,,,,0.0,0.0,,0.0,0.0
RFS,2024-25,0.4778368794326241,0.5912825511767164,-0.11344567174409226,213.06666666666666,234.16304347826087,-0.09009268285135164,778.0,226.0
REM,2025-26,0.4965227688664011,0.5135084583731659,-0.016985689506764823,516.0555555555555,523.0217391304348,-0.0133191090421233,3830.0,2249.0
RLQ,2021-22,0.6202894854300836,0.6667615739422584,-0.04647208851217488,174.25555555555556,190.8804347826087,-0.08709577409537539,751.0,48.0
RP6,2021-22,,,,0.0,0.0,,0.0,0.0
RJE,2023-24,0.43794289287203003,0.5076578165146859,-0.06971492364265586,421.8021978021978,431.5,-0.022474628500121052,3215.0,1851.0
REM,2024-25,0.5154213181745543,0.5558333333333334,-0.040412015158779124,486.7,495.6521739130435,-0.018061403508771945,3300.0,2340.0
RJR,2024-25,0.4559249551662298,0.4528873378547442,0.003037617311485552,161.0888888888889,165.07608695652175,-0.024153698704301174,2024.0,1942.0
RJR,2025-26,0.48834994603517234,0.5045192066281697,-0.016169260592997392,175.01111111111112,173.17391304347825,0.010608977041314693,2246.0,1410.0
RR7,2025-26,0.5322534485719193,0.6764409060327428,-0.1441874574608235,194.12222222222223,193.8695652173913,0.0013032319154768768,15.0,3.0
RFS,2025-26,0.4129142795952241,0.48262409527231664,-0.06970981567709256,207.5222222222222,211.75,-0.01996589269316551,1536.0,319.0
RDU,2025-26,0.5686133141071859,0.5934160531940157,-0.02480273908682984,739.7333333333333,732.3478260869565,0.010084698804717851,1807.0,937.0
RC9,2025-26,0.6319213648357404,0.6076419213973799,0.024279443438360415,551.6333333333333,547.6086956521739,0.007349477305809149,196.0,3.0
Y03007,2022-23,,,,0.0,0.0,,0.0,0.0
AQN04,2022-23,,,,0.0,0.0,,0.0,0.0
C82009,2023-24,,,,0.0,0.0,,0.0,0.0
RAL,2023-24,0.4838516200534585,0.5693785359041227,-0.08552691585066419,842.8021978021978,762.75,0.10495207840340592,5019.0,3234.0
Y03007,2023-24,,,,0.0,0.0,,0.0,0.0
RAJ,2023-24,0.6463273505393249,0.6730601188395666,-0.026732768300241738,1006.5494505494505,995.1304347826087,0.0114748935091471,116.0,24.0
NNJ14,2025-26,,,,0.0,0.0,,0.0,0.0
RTX,2021-22,0.6474683544303798,0.7486231610712939,-0.10115480664091414,245.77777777777777,288.1521739130435,-0.1470556184249131,780.0,139.0
RY4,2022-23,,,,0.0,0.0,,0.0,0.0
RYF,2022-23,,,,0.0,0.0,,0.0,0.0
L83087,2024-25,,,,0.0,0.0,,0.0,0.0
RQ3,2024-25,0.7571475089547379,0.868217609162491,-0.1110701002077531,170.61111111111111,151.84782608695653,0.12356637238527002,61.0,0.0
NTV0W,2025-26,,,,0.0,0.0,,0.0,0.0
RJ6,2021-22,0.7129786718371304,0.741493172151332,-0.028514500314201663,366.75555555555553,388.4347826086956,-0.05581175534164118,409.0,68.0
RJE,2022-23,0.4157623588731777,0.4527743910347869,-0.0370120321616092,405.46666666666664,419.0108695652174,-0.03232422803877322,3018.0,1566.0
RA9,2025-26,0.5338196977592495,0.5940526264305976,-0.06023292867134811,213.22222222222223,222.2391304347826,-0.04057299988044383,236.0,138.0
NNJ15,2021-22,,,,0.0,0.0,,0.0,0.0
RWG,2025-26,0.6949944994499451,0.6989177047171737,-0.003923205267228669,282.8,266.14130434782606,0.06259342454564032,70.0,67.0
RHM,2023-24,0.6189898511702222,0.6381823635272945,-0.01919251235707231,371.3956043956044,362.39130434782606,0.024846898752117763,36.0,31.0
NQT5H,2021-22,,,,0.0,0.0,,0.0,0.0
Y03051,2021-22,,,,0.0,0.0,,0.0,0.0
NR3,2021-22,,,,0.0,0.0,,0.0,0.0
RQM,2021-22,1.0,1.0,0.0,546.8222222222222,567.7391304347826,-0.036842463538741765,27.0,12.0
R0D,2021-22,1.0,1.0,0.0,391.64444444444445,467.8478260869565,-0.16288070050441683,140.0,0.0
RL1,2022-23,,,,0.0,0.0,,0.0,0.0
RYR,2022-23,0.5159424588462109,0.49215628621339746,0.023786172632813463,674.3,628.445652173913,0.07296469896397251,3457.0,2267.0
RXC,2022-23,0.5212936529662509,0.5565050123922612,-0.03521135942601039,284.1222222222222,293.8369565217391,-0.03306164893114183,14.0,0.0
RN7,2022-23,0.6695966142827547,0.6635139179886261,0.006082696294128609,375.43333333333334,363.1521739130435,0.03381821809837371,70.0,5.0
RXC,2023-24,0.5851803326418459,0.6401015041741753,-0.05492117153232945,301.94505494505495,295.55434782608694,0.021622781616897457,2.0,0.0
RL1,2023-24,,,,0.0,0.0,,0.0,0.0
RHW,2025-26,0.639865788492606,0.665187526594128,-0.02532173810152205,357.64444444444445,357.6304347826087,3.917357269744848e-05,75.0,7.0
RD8,2021-22,0.713840137796192,0.7683932561446273,-0.05455311834843524,238.67777777777778,267.55434782608694,-0.10792786692847622,0.0,0.0
RWE,2022-23,0.49390978219729553,0.5339077072426586,-0.039997925045363036,645.8444444444444,627.0217391304348,0.030019222842438298,3098.0,2974.0
RYR,2023-24,0.5424834580421742,0.6055284417191562,-0.06304498367698197,710.8131868131868,781.7282608695652,-0.09071576096979683,3859.0,1780.0
RWE,2023-24,0.5366977669259253,0.5734012850270798,-0.036703518101154464,679.5934065934066,646.2391304347826,0.05161290084087544,4077.0,2651.0
RN7,2023-24,0.6264698234767284,0.7072447656105243,-0.08077494213379588,380.3626373626374,351.9782608695652,0.08064241360517088,114.0,5.0
RTE,2023-24,0.5659143880393382,0.5955002265881162,-0.029585838548777943,386.61538461538464,407.75,-0.05183228788379002,2813.0,2286.0
RHW,2024-25,0.5797064042587514,0.6899934783225111,-0.1102870740637597,344.3888888888889,383.3369565217391,-0.10160269436646774,56.0,3.0
DT301,2024-25,,,,0.0,0.0,,0.0,0.0
NL7,2025-26,,,,0.0,0.0,,0.0,0.0
RA7,2025-26,0.6313345058810598,0.6576062775553129,-0.026271771674253097,808.6222222222223,806.1847826086956,0.003023425480247255,3153.0,1095.0
RXL,2021-22,0.5409596384741482,0.5584356981699674,-0.017476059695819224,250.7888888888889,216.79347826086956,0.15681011670984102,2289.0,103.0
RBV,2021-22,,,,0.0,0.0,,0.0,0.0
RWD,2022-23,0.43850931677018634,0.4605053691857941,-0.02199605241560776,393.55555555555554,375.5326086956522,0.047993027616171524,2383.0,2532.0
RBL,2025-26,0.4400951080973977,0.4684973045822103,-0.02840219648481257,252.34444444444443,258.0869565217391,-0.022250299490865544,2706.0,1976.0
RJ8,2022-23,,,,0.0,0.0,,0.0,0.0
RJC,2023-24,0.7032191427095886,0.7403106009453072,-0.03709145823571858,255.34065934065933,241.4673913043478,0.05745400222105146,36.0,0.0
NL7,2024-25,,,,0.0,0.0,,0.0,0.0
RQW,2024-25,0.43125779938895825,0.5193437310107353,-0.08808593162177702,258.2111111111111,268.3152173913044,-0.03765759683118408,570.0,330.0
RNA,2024-25,0.6899943470887506,0.7260809653271759,-0.036086618238425294,294.8333333333333,291.85869565217394,0.010192047471850652,216.0,367.0
RYY,2024-25,,,,0.0,0.0,,0.0,0.0
RX1,2021-22,1.0,1.0,0.0,463.55555555555554,518.5,-0.10596807028822464,1411.0,208.0
AAH,2025-26,,,,0.0,0.0,,0.0,0.0
DT301,2025-26,,,,0.0,0.0,,0.0,0.0
G82071,2021-22,,,,0.0,0.0,,0.0,0.0
RKB,2021-22,0.5206878717351953,0.6003166163863914,-0.07962874465119618,343.73333333333335,363.9021739130435,-0.05542379800272812,20.0,0.0
RBL,2024-25,0.45486207857341876,0.4272899775746075,0.027572100998811244,239.26666666666668,252.04347826086956,-0.050692887125524666,2641.0,1810.0
AAH,2024-25,,,,0.0,0.0,,0.0,0.0
RF4,2021-22,0.2794573962709723,0.40777520054121963,-0.1283178042702473,404.6333333333333,449.8695652173913,-0.1005541058599917,2350.0,788.0
RDE,2021-22,0.6067457838850718,0.7668656256194525,-0.16011984173438065,444.72222222222223,493.5108695652174,-0.09886032983625648,12.0,2.0
RJC,2022-23,0.60546453448445,0.6416906374686833,-0.03622610298423323,226.51111111111112,234.2826086956522,-0.033171465982081205,12.0,0.0
RW4,2024-25,,,,0.0,0.0,,0.0,0.0
RNA,2025-26,0.6196784341139462,0.6916026507533546,-0.0719242166394084,317.8888888888889,329.6847826086956,-0.035779309031097495,450.0,252.0
NNF94,2021-22,,,,0.0,0.0,,0.0,0.0
RYY,2025-26,,,,0.0,0.0,,0.0,0.0
RBQ,2021-22,,,,0.0,0.0,,0.0,0.0
RTE,2022-23,0.5781583313581418,0.5727207147217135,0.005437616636428277,375.02222222222224,391.7608695652174,-0.042726695398578096,2088.0,1937.0
RW4,2025-26,,,,0.0,0.0,,0.0,0.0
Y02147,2021-22,,,,0.0,0.0,,0.0,0.0
RWD,2023-24,0.32111923128975506,0.42261856940092657,-0.10149933811117151,324.7912087912088,405.8804347826087,-0.19978599371224093,3429.0,2293.0
RJ8,2023-24,,,,0.0,0.0,,0.0,0.0
RQW,2025-26,0.7301479135767828,0.6226572426937738,0.10749067088300901,277.18888888888887,273.7391304347826,0.012602357758012106,789.0,436.0
RA7,2024-25,0.5949882944593774,0.660812894183602,-0.06582459972422461,768.8666666666667,775.5434782608696,-0.008609203457136227,3701.0,918.0
Y00751,2021-22,,,,0.0,0.0,,0.0,0.0
RR7,2021-22,0.6526350032530904,0.7568913175470553,-0.10425631429396487,170.77777777777777,179.02173913043478,-0.046050057343317796,12.0,7.0
RFS,2021-22,0.6962457337883958,0.8562229313881924,-0.15997719759979656,84.64444444444445,190.7391304347826,-0.5562292632272117,2.0,7.0
R1K,2022-23,0.4939695566584412,0.5594968268359021,-0.06552727017746085,400.74444444444447,383.6521739130435,0.044551475773144,1603.0,891.0
REP,2022-23,,,,0.0,0.0,,0.0,0.0
REP,2023-24,,,,0.0,0.0,,0.0,0.0
RJ7,2023-24,0.6309318715740015,0.6680132207124495,-0.03708134913844796,280.65934065934067,266.3804347826087,0.05360343333167439,1935.0,1337.0
RWX,2023-24,,,,0.0,0.0,,0.0,0.0
RLQ,2024-25,0.5671023836280831,0.6053142508459533,-0.03821186721787018,187.85555555555555,195.94565217391303,-0.04128745153874125,774.0,865.0
RNU,2024-25,,,,0.0,0.0,,0.0,0.0
RTX,2025-26,0.561132000791609,0.6427162581008734,-0.08158425730926444,280.72222222222223,308.60869565217394,-0.09036191728499421,2138.0,900.0
NNJ15,2025-26,,,,0.0,0.0,,0.0,0.0
RC9,2021-22,1.0,1.0,0.0,491.7888888888889,520.1086956521739,-0.05444978520840582,10.0,0.0
RWX,2022-23,,,,0.0,0.0,,0.0,0.0
NQT10,2022-23,,,,0.0,0.0,,0.0,0.0
NNJ15,2024-25,,,,0.0,0.0,,0.0,0.0
RHQ,2024-25,0.4359341723136496,0.5119397501836884,-0.07600557787003881,286.94444444444446,295.8695652173913,-0.03016572781451543,44.0,36.0
RXP,2024-25,0.5657730842133766,0.5651782403729011,0.0005948438404754786,410.3333333333333,410.4130434782609,-0.000194219326588696,56.0,95.0
RP6,2025-26,,,,0.0,0.0,,0.0,0.0
RWH,2025-26,0.44482210008678047,0.5655287196160397,-0.12070661952925921,307.2888888888889,280.82608695652175,0.09423199325661002,768.0,67.0
Y03571,2021-22,,,,0.0,0.0,,0.0,0.0
RJZ,2021-22,0.5410442053739866,0.6024122386341837,-0.06136803326019713,435.84444444444443,453.30434782608694,-0.038516955474561465,535.0,196.0
RQ3,2021-22,0.8492201039861351,0.7670776818742293,0.08214242211190581,166.6888888888889,176.30434782608697,-0.054538977942183875,0.0,0.0
RK5,2023-24,0.5173861104833242,0.6536200994639282,-0.13623398898060401,340.3626373626374,336.5869565217391,0.01121754948532705,671.0,168.0
RH5,2023-24,0.5766501827563965,0.6198244078406409,-0.0431742250842444,408.8791208791209,409.79347826086956,-0.0022312638688861686,255.0,48.0
RNZ,2024-25,0.5523635810913512,0.5826037440387216,-0.03024016294737042,146.2,152.70652173913044,-0.04260801480532428,82.0,8.0
RLQ,2025-26,0.5788375731587182,0.6060304287690179,-0.027192855610299715,191.74444444444444,196.4673913043478,-0.024039342246811035,711.0,623.0
NNJ14,2021-22,,,,0.0,0.0,,0.0,0.0
RY7,2021-22,,,,0.0,0.0,,0.0,0.0
RH5,2022-23,0.5622772757077288,0.6197539412015338,-0.057476665493805035,389.74444444444447,408.17391304347825,-0.04515102021493156,401.0,287.0
RET,2023-24,,,,0.0,0.0,,0.0,0.0
RCD,2024-25,0.6557422773865142,0.7021516801700093,-0.046409402783495035,159.34444444444443,163.67391304347825,-0.026451793804695867,208.0,74.0
RJ6,2024-25,0.6147010052855217,0.6545261577489581,-0.03982515246343632,428.84444444444443,419.9021739130435,0.02129608058007526,1553.0,1579.0
RHQ,2025-26,0.46352289540574376,0.5246800731261426,-0.06115717772039886,292.8777777777778,297.2826086956522,-0.01481698151533617,25.0,26.0
RNZ,2025-26,0.5730884557721139,0.604900144121886,-0.031811688349772105,148.22222222222223,158.3804347826087,-0.06413805199063582,424.0,79.0
L83087,2021-22,,,,0.0,0.0,,0.0,0.0
RJ7,2022-23,0.6952174091225769,0.7033716499631777,-0.00815424084060079,271.1222222222222,339.4673913043478,-0.20133058677453675,2284.0,1617.0
NNF76,2023-24,,,,0.0,0.0,,0.0,0.0
RA9,2021-22,0.42824500626520234,0.523878605002031,-0.09563359873682864,150.74444444444444,187.31521739130434,-0.19523652939773173,417.0,377.0
RK5,2022-23,0.6000918273645546,0.7015779966599639,-0.10148616929540932,314.6,318.92391304347825,-0.013557820115197017,894.0,358.0
RCD,2025-26,0.6636660665466427,0.7532263141328297,-0.08956024758618697,166.63333333333333,172.66304347826087,-0.034921834015318454,61.0,5.0
RAT,2025-26,,,,0.0,0.0,,0.0,0.0
REM,2021-22,0.5230033436322852,0.5515541865023803,-0.028550842870095128,525.0444444444445,582.2282608695652,-0.09821545992926561,1.0,0.0
RDU,2021-22,1.0,1.0,0.0,578.7888888888889,654.445652173913,-0.1156043485562328,4.0,0.0
R1K,2023-24,0.47309799923537654,0.5069701356495631,-0.033872136414186516,431.15384615384613,405.45652173913044,0.06337874232357099,1701.0,527.0
RXP,2025-26,0.5609769189479334,0.6307410465476313,-0.06976412759969786,414.0,421.2608695652174,-0.017236040871090874,93.0,22.0
RXK,2021-22,0.558595163220438,0.6554159384004913,-0.09682077518005328,399.25555555555553,460.19565217391306,-0.13242214768975602,75.0,5.0
NNF76,2022-23,,,,0.0,0.0,,0.0,0.0
RNU,2025-26,,,,0.0,0.0,,0.0,0.0
RP6,2024-25,,,,0.0,0.0,,0.0,0.0
RJR,2021-22,0.6059276116168184,0.6591688905833015,-0.05324127896648312,205.06666666666666,228.08695652173913,-0.10092769093912823,219.0,0.0
NTV0W,2021-22,,,,0.0,0.0,,0.0,0.0
RWH,2024-25,0.4321073061993159,0.49853394202575807,-0.06642663582644215,289.1,292.85869565217394,-0.012834502468173525,854.0,43.0
RET,2022-23,,,,0.0,0.0,,0.0,0.0
RTX,2024-25,0.6431695892850231,0.7039878437476836,-0.06081825446266054,287.03333333333336,293.2826086956522,-0.02130803251550406,1492.0,955.0
RWG,2021-22,0.3479300552981617,0.5566427783902976,-0.20871272309213595,223.03333333333333,236.6086956521739,-0.0573747396790395,1.0,0.0
RJ6,2025-26,0.6333655165404746,0.6515494291576788,-0.0181839126172042,437.31111111111113,413.19565217391306,0.0583632930557747,2190.0,1280.0
RJC,2021-22,0.6964438731790916,0.8064851087931278,-0.11004123561403623,207.46666666666667,230.29347826086956,-0.09912052988467768,0.0,0.0
RYR,2021-22,0.5605469145041564,0.6932257888713281,-0.13267887436717174,549.3444444444444,598.3369565217391,-0.08188113995514945,974.0,54.0
ACH01,2022-23,,,,0.0,0.0,,0.0,0.0
R0D,2022-23,1.0,1.0,0.0,396.65555555555557,452.2826086956522,-0.12299180218430394,775.0,248.0
ACH01,2023-24,,,,0.0,0.0,,0.0,0.0
RD8,2023-24,0.6337962373126088,0.6076445049799949,0.02615173233261392,258.75824175824175,255.3695652173913,0.013269696167457212,0.0,0.0
RQM,2023-24,0.7526127516307779,0.7172094359268967,0.03540331570388122,626.6813186813187,605.4565217391304,0.03505585649853371,100.0,118.0
RVW,2025-26,0.4366596851564084,0.4911100432484382,-0.054450358092029805,164.45555555555555,158.33695652173913,0.038642899094605054,137.0,21.0
RCU,2025-26,0.9092368863740633,0.9411077354522085,-0.03187084907814519,145.3111111111111,139.5326086956522,0.041413275860576526,0.0,0.0
RAS,2025-26,0.5075501752150366,0.5930386676655333,-0.08548849245049661,174.38888888888889,188.6195652173913,-0.07544644858077698,84.0,65.0
RTP,2025-26,0.555413412335039,0.6213448884609212,-0.06593147612588213,330.0444444444444,338.64130434782606,-0.02538632999875179,2103.0,1751.0
RTH,2025-26,0.6882192397512732,0.7260355833220156,-0.03781634357074237,394.9,400.1630434782609,-0.013152247725112143,37.0,0.0
RN7,2021-22,0.7381082558775287,0.84126164961598,-0.10315339373845134,325.15555555555557,358.05434782608694,-0.09188211920976552,1.0,0.0
RJ8,2021-22,,,,0.0,0.0,,0.0,0.0
RF4,2022-23,0.3046058458813109,0.3144487303117969,-0.009842884430485976,376.3333333333333,405.7826086956522,-0.07257402050073225,2596.0,1663.0
RD8,2022-23,0.6293730974544491,0.7060384870603849,-0.07666538960593572,251.85555555555555,262.0869565217391,-0.039038192140381955,0.0,0.0
RBV,2023-24,,,,0.0,0.0,,0.0,0.0
RKB,2023-24,0.5050350391614157,0.537874041588353,-0.03283900242693727,373.2087912087912,364.3369565217391,0.024350630723135813,226.0,4.0
RTH,2024-25,0.5972927241962775,0.685325393449596,-0.08803266925331843,394.0,383.3152173913044,0.027874663263859345,0.0,0.0
NTPAD,2024-25,,,,0.0,0.0,,0.0,0.0
RRV,2025-26,0.7114140839240441,0.7285290962039545,-0.017115012279910302,429.4888888888889,425.5,0.009374591983287717,732.0,176.0
RKB,2022-23,0.5011950286806883,0.5014530190506943,-0.00025799037000595604,371.9111111111111,370.29347826086956,0.004368515637485526,339.0,8.0
NR3,2022-23,,,,0.0,0.0,,0.0,0.0
RXL,2022-23,0.5178816144290703,0.5511764935419674,-0.03329487911289708,251.34444444444443,278.55434782608694,-0.09768256569676947,2970.0,2314.0
NNF94,2023-24,,,,0.0,0.0,,0.0,0.0
RDE,2023-24,0.4994481365803255,0.5286533292099818,-0.029205192629656263,467.94505494505495,456.92391304347825,0.024120300091468483,1365.0,282.0
RF4,2023-24,0.5118006878265207,0.4927386808849088,0.019062006941611864,418.5824175824176,368.9891304347826,0.13440311124937154,1719.0,1392.0
Y02147,2023-24,,,,0.0,0.0,,0.0,0.0
RX1,2023-24,0.43450822423632096,0.4444518154880368,-0.009943591251715844,491.04395604395603,491.54347826086956,-0.0010162320099961208,2391.0,2180.0
RTP,2024-25,0.6072106894138816,0.7301217301217301,-0.12291104070784853,333.4555555555556,335.7391304347826,-0.006801634579412297,1889.0,1131.0
RHU,2025-26,0.609471801750016,0.6290456963404474,-0.01957389459043135,347.93333333333334,339.19565217391306,0.025760003418145994,3472.0,2750.0
RL1,2021-22,,,,0.0,0.0,,0.0,0.0
RWE,2021-22,0.5416871148917608,0.5816308740787701,-0.03994375918700932,611.3,685.8152173913044,-0.10865203264917989,1834.0,119.0
RDE,2022-23,0.4849292749759313,0.594884393727183,-0.10995511875125175,450.1,473.4021739130435,-0.04922278603081298,769.0,19.0
RRV,2024-25,0.7174384078324372,0.7308822757570986,-0.013443867924661457,415.3666666666667,414.19565217391306,0.0028272013156283027,631.0,219.0
RHU,2024-25,0.5223368852734546,0.501259017285967,0.021077867987487564,330.5444444444444,319.4347826086956,0.03477912375421566,813.0,88.0
RM3,2025-26,0.5942974967823278,0.6149116064565718,-0.02061410967424404,846.0222222222222,848.4782608695652,-0.0028946394511344398,3941.0,3070.0
NTPAD,2025-26,,,,0.0,0.0,,0.0,0.0
NQT5H,2022-23,,,,0.0,0.0,,0.0,0.0
RBV,2022-23,,,,0.0,0.0,,0.0,0.0
RBQ,2023-24,,,,0.0,0.0,,0.0,0.0
R0D,2023-24,0.5213151015483611,0.5088486922512834,0.012466409297077763,437.1868131868132,444.67391304347825,-0.016837281515844182,913.0,18.0
RCU,2024-25,0.9045777915248995,0.9339301275449576,-0.029352336020058156,143.6888888888889,137.20652173913044,0.047245328192805136,0.0,1.0
R1H,2024-25,0.5423544891010946,0.5339905297261374,0.008363959374957264,819.1444444444444,785.0652173913044,0.0434094216610208,3480.0,2607.0
R1H,2025-26,0.5518872274553719,0.5641552996125472,-0.012268072157175292,843.3888888888889,819.1739130434783,0.029560238015203355,3711.0,2591.0
RWD,2021-22,0.49029126213592233,0.5249172461963618,-0.034625984060439485,352.4888888888889,357.92391304347825,-0.01518485900641442,1432.0,22.0
RXC,2021-22,0.6685624394966119,0.7551632710019537,-0.08660083150534181,275.46666666666664,311.5652173913044,-0.11586194064564159,0.0,0.0
RBQ,2022-23,,,,0.0,0.0,,0.0,0.0
RQM,2022-23,1.0,1.0,0.0,634.0,613.8804347826087,0.03277440373957541,101.0,79.0
NR3,2023-24,,,,0.0,0.0,,0.0,0.0
RM3,2024-25,0.551282578593071,0.5610483153038928,-0.009765736710821815,810.4333333333333,805.8478260869565,0.00569028928035098,3706.0,2353.0
RCX,2024-25,0.5202136949709766,0.6651889069503965,-0.14497521197941987,216.3,220.66304347826087,-0.01977242500369436,378.0,291.0
NNF94,2022-23,,,,0.0,0.0,,0.0,0.0
RCX,2025-26,0.5595720369793289,0.5319315021710493,0.02764053480827955,213.93333333333334,222.79347826086956,-0.03976842139500092,520.0,344.0
RX1,2022-23,1.0,1.0,0.0,495.56666666666666,494.7826086956522,0.0015846514352664265,2423.0,1360.0
Y02147,2022-23,,,,0.0,0.0,,0.0,0.0
NQT5H,2023-24,,,,0.0,0.0,,0.0,0.0
RVW,2024-25,0.43600409137401974,0.6243489583333333,-0.18834486695931352,162.94444444444446,150.2608695652174,0.08441036522633749,86.0,0.0
RXL,2023-24,0.5403403976761312,0.5365128947468668,0.0038275029292643703,268.5934065934066,285.3369565217391,-0.05867992051375537,1358.0,2563.0
RTE,2021-22,0.6082733473737152,0.6641458836149101,-0.055872536241194926,353.47777777777776,405.32608695652175,-0.12791752331575346,1250.0,14.0
RAS,2024-25,0.41635296722763504,0.42437093582131746,-0.008017968593682423,200.7111111111111,192.22826086956522,0.04412904847171162,216.0,37.0
RYG,2021-22,,,,0.0,0.0,,0.0,0.0
RGR,2021-22,1.0,1.0,0.0,206.26666666666668,235.84782608695653,-0.12542477033213506,188.0,12.0
RTQ,2022-23,,,,0.0,0.0,,0.0,0.0
RRF,2023-24,0.4532672374943668,0.48713252129315876,-0.033865283798791945,243.84615384615384,237.3695652173913,0.027284831662521825,1346.0,769.0
NTP11,2023-24,,,,0.0,0.0,,0.0,0.0
NDJ,2024-25,,,,0.0,0.0,,0.0,0.0
RGP,2024-25,0.5471536954228006,0.5995899493980108,-0.052436253975210234,221.14444444444445,249.17391304347825,-0.1124895790922662,1334.0,801.0
NV693,2024-25,,,,0.0,0.0,,0.0,0.0
NDJ,2025-26,,,,0.0,0.0,,0.0,0.0
AD913,2025-26,,,,0.0,0.0,,0.0,0.0
RJ1,2021-22,0.7585349584621914,0.7689018360638212,-0.010366877601629798,366.46666666666664,406.70652173913044,-0.09894076667468443,74.0,81.0
RFF,2021-22,0.697435435164736,0.6269587399279264,0.07047669523680966,246.5222222222222,268.44565217391306,-0.08166803885312213,10.0,0.0
RY5,2021-22,,,,0.0,0.0,,0.0,0.0
RP5,2022-23,0.5483333333333333,0.6152247205252351,-0.0668913871919018,400.0,428.79347826086956,-0.06714999112778519,996.0,607.0
RP5,2023-24,0.534191658314702,0.5967168123602358,-0.06252515404553383,427.61538461538464,427.7391304347826,-0.0002893020782835931,948.0,181.0
RAE,2024-25,0.7389741914407056,0.7606703421081455,-0.021696150667439906,306.1,297.70652173913044,0.028193800430829974,366.0,204.0
RAE,2025-26,0.7641096187959309,0.7521044679473343,0.012005150848596546,306.9222222222222,302.1521739130435,0.01578690713160813,208.0,163.0
NV693,2025-26,,,,0.0,0.0,,0.0,0.0
RNS,2025-26,0.5976992975446285,0.5748506778750435,0.022848619669584957,344.8222222222222,343.94565217391306,0.002548571388441001,2553.0,2002.0
Y02615,2021-22,,,,0.0,0.0,,0.0,0.0
RCB,2022-23,0.45695884973976864,0.49036746966889266,-0.03340861992912403,296.74444444444447,310.8804347826087,-0.04547082658337498,2943.0,2547.0
RNQ,2023-24,0.5268151367010683,0.5172017071812952,0.009613429519773065,303.46153846153845,292.8804347826087,0.036127724567138086,0.0,0.0
RWF,2023-24,0.8102518812901327,0.8487044686443861,-0.03845258735425339,597.2637362637363,578.9130434782609,0.03169853053442995,110.0,2.0
NLX,2023-24,,,,0.0,0.0,,0.0,0.0
RWP,2024-25,0.43095965278894066,0.5124706496217062,-0.08151099683276553,414.73333333333335,416.6304347826087,-0.004553439429515582,1907.0,912.0
RN3,2025-26,0.4786109437476037,0.49440857735762045,-0.015797633610016737,202.85555555555555,188.56521739130434,0.07578459252427439,1116.0,469.0
RGN,2025-26,0.5913443546789354,0.6396262621647553,-0.04828190748581984,504.74444444444447,475.80434782608694,0.06082352284207282,2842.0,1792.0
RWW,2025-26,0.4739775051124744,0.4767475171886937,-0.002770012076219297,217.33333333333334,227.65217391304347,-0.0453272217978099,2660.0,2279.0
RTD,2021-22,0.7663040193411907,0.798524026190212,-0.032220006849021265,367.6666666666667,391.7826086956522,-0.06155439647837824,0.0,1.0
NNJ0H,2021-22,,,,0.0,0.0,,0.0,0.0
NLX,2022-23,,,,0.0,0.0,,0.0,0.0
8J094,2023-24,,,,0.0,0.0,,0.0,0.0
RTQ,2023-24,,,,0.0,0.0,,0.0,0.0
RJL,2023-24,0.6043424177315391,0.6467328293836665,-0.042390411652127424,485.8791208791209,468.7608695652174,0.03651808934005296,2707.0,1686.0
RWW,2024-25,0.46834796814376145,0.5097285970864098,-0.04138062894264838,217.64444444444445,217.8695652173913,-0.001033282334419905,2726.0,1713.0
RDR,2025-26,,,,0.0,0.0,,0.0,0.0
RRK,2025-26,0.5794241378957389,0.604146063141879,-0.024721925246140142,1085.5222222222221,1143.0434782608695,-0.05032289421410763,5268.0,4861.0
RNN,2021-22,0.6471062172686988,0.7288292457195742,-0.08172302845087542,248.23333333333332,281.8695652173913,-0.11933261350197966,705.0,5.0
Y02532,2021-22,,,,0.0,0.0,,0.0,0.0
C83023,2022-23,,,,0.0,0.0,,0.0,0.0
RJN,2022-23,0.5250409447461426,0.5504300234558248,-0.02538907870968221,128.9,139.02173913043478,-0.07280688037529315,1314.0,267.0
RWF,2022-23,0.8135311595902729,0.8401232992362515,-0.02659213964597862,568.4,553.6195652173913,0.02669781870300203,172.0,29.0
NTP11,2022-23,,,,0.0,0.0,,0.0,0.0
RJL,2022-23,0.553909265106739,0.6156779879400093,-0.061768722833270284,411.7,421.80434782608694,-0.023955058496108794,2541.0,1597.0
RJN,2023-24,0.4884386174016686,0.6018417356016856,-0.11340311820001703,138.2967032967033,139.2826086956522,-0.007078452996979734,1167.0,426.0
RXQ,2024-25,0.6515605372499759,0.6388699795779442,0.012690557672031644,344.96666666666664,319.3478260869565,0.0802223734967098,944.0,574.0
RNS,2024-25,0.5761313639220615,0.669994435534025,-0.0938630716119635,282.84444444444443,332.07608695652175,-0.14825410333904332,2471.0,2160.0
RDR,2024-25,,,,0.0,0.0,,0.0,0.0
RWP,2025-26,0.5027543705194315,0.5038846788267075,-0.0011303083072760067,441.72222222222223,454.6847826086956,-0.028508894254393957,3525.0,2537.0
RVR,2021-22,0.789009714368566,0.8522183949411342,-0.06320868057256812,383.1666666666667,422.8478260869565,-0.09384264733604086,271.0,52.0
RTG,2021-22,0.460294461322739,0.519287456261266,-0.058992994938527055,475.44444444444446,512.554347826087,-0.0724018897489368,535.0,31.0
RBT,2021-22,0.47829621199804906,0.5476832675079473,-0.06938705550989821,205.03333333333333,225.67391304347825,-0.09146196577079924,203.0,4.0
RCB,2023-24,0.4317081770683079,0.44338450169628163,-0.011676324627973744,342.8241758241758,323.5978260869565,0.05941433528682882,2705.0,1385.0
AD913,2024-25,,,,0.0,0.0,,0.0,0.0
RRK,2024-25,0.5787830730316779,0.6007358780774683,-0.021952805045790447,1106.9777777777779,1081.2282608695652,0.023815060926638987,5398.0,5040.0
RWY,2021-22,0.7418639053254438,0.8144205443371378,-0.07255663901169407,435.64444444444445,495.2173913043478,-0.12029655643351866,7.0,3.0
8J094,2022-23,,,,0.0,0.0,,0.0,0.0
RXQ,2025-26,0.6032485110990795,0.7045136839489299,-0.10126517284985037,307.8333333333333,349.9021739130435,-0.12023029211063141,994.0,793.0
RGP,2025-26,0.6643780860569011,0.6165720674234606,0.04780601863344047,236.27777777777777,252.7826086956522,-0.065292588770401,1137.0,641.0
RNQ,2022-23,1.0,1.0,0.0,279.18888888888887,287.3152173913044,-0.028283668982795218,0.0,0.0
RRF,2022-23,0.4688488576449912,0.525647783950367,-0.05679892630537586,252.88888888888889,268.05434782608694,-0.05657606026609707,941.0,393.0
RGN,2024-25,0.5493216670932911,0.6471943551096817,-0.0978726880163906,477.47777777777776,452.89130434782606,0.05428780193816429,2385.0,1962.0
C83023,2023-24,,,,0.0,0.0,,0.0,0.0
RBS,2021-22,0.7728355837966641,0.7990623701857457,-0.026226786389081602,167.86666666666667,183.16304347826087,-0.08351235337170893,0.0,0.0
RN3,2024-25,0.5345828600277673,0.5769563604895538,-0.04237350046178645,176.06666666666666,175.84782608695653,0.001244488399884558,1168.0,84.0
NNJ07,2022-23,,,,0.0,0.0,,0.0,0.0
RMC,2022-23,0.52201589361012,0.577644819146043,-0.055628925535923024,274.0444444444444,319.7391304347826,-0.14291239839240932,1516.0,1129.0
RL4,2023-24,0.650328099678542,0.6791486720628928,-0.028820572384350762,413.6373626373626,420.3152173913044,-0.01588773015497269,911.0,78.0
NNJ07,2023-24,,,,0.0,0.0,,0.0,0.0
K6K0R,2023-24,,,,0.0,0.0,,0.0,0.0
REF,2021-22,0.4743698070694269,0.5156129430526262,-0.041243135983199286,157.8,211.29347826086956,-0.25317145943721375,1654.0,212.0
RCF,2021-22,0.5935500221757588,0.7276453869698294,-0.13409536479407058,175.36666666666667,198.8695652173913,-0.11818248068794635,2.0,0.0
RBD,2021-22,0.5682852102868814,0.6517249120706428,-0.08343970178376137,119.67777777777778,145.25,-0.17605660738190854,13.0,0.0
NNJ,2021-22,,,,0.0,0.0,,0.0,0.0
NNF09,2021-22,,,,0.0,0.0,,0.0,0.0
RV9,2022-23,,,,0.0,0.0,,0.0,0.0
RPC,2023-24,,,,0.0,0.0,,0.0,0.0
RXF,2023-24,0.5778072682727644,0.628882605925454,-0.05107533765268957,538.2417582417582,545.9130434782609,-0.014052210930197595,1112.0,24.0
RTR,2023-24,0.5433639947437583,0.5887099398080364,-0.04534594506427814,334.5054945054945,334.07608695652175,0.0012853585327960992,250.0,61.0
R1F,2023-24,0.5098181818181818,0.5200530035335689,-0.010234821715387032,120.87912087912088,123.04347826086956,-0.0175901836679222,485.0,1085.0
RGT,2024-25,0.5182612741351235,0.5275659824046921,-0.00930470826956864,334.34444444444443,333.5869565217391,0.0022707360341769345,1882.0,1427.0
RQX,2025-26,0.8118842270034683,0.8082108402568551,0.0036733867466132164,362.0111111111111,357.1630434782609,0.013573822155945825,80.0,70.0
NTV0B,2025-26,,,,0.0,0.0,,0.0,0.0
R0A,2022-23,0.3653448351745081,0.49197998804906906,-0.12663515287456095,757.3666666666667,927.7065217391304,-0.1836139458771241,1465.0,86.0
C82038,2022-23,,,,0.0,0.0,,0.0,0.0
RMP,2022-23,0.48710166919575115,0.5443445536274305,-0.05724288443167935,256.27777777777777,259.94565217391306,-0.014110158663786176,660.0,642.0
RXG,2023-24,,,,0.0,0.0,,0.0,0.0
RMC,2023-24,0.43841836953262225,0.6233049239156689,-0.1848865543830467,256.5164835164835,315.0108695652174,-0.1856900561224084,2072.0,1588.0
NTV0B,2024-25,,,,0.0,0.0,,0.0,0.0
RXR,2025-26,0.6309599089414443,0.664789835736493,-0.033829926795048704,439.27777777777777,444.0108695652174,-0.010659855674421514,3605.0,2590.0
RXN,2025-26,0.6150926293127867,0.6232786425466275,-0.008186013233840717,392.24444444444447,387.55434782608694,0.012101777840103578,1362.0,1309.0
NNFA7,2021-22,,,,0.0,0.0,,0.0,0.0
RA2,2022-23,0.5791503500652664,0.4889897461758279,0.09016060388943847,187.26666666666668,193.9891304347826,-0.034653816701219475,92.0,0.0
NNJ13,2022-23,,,,0.0,0.0,,0.0,0.0
RPC,2022-23,,,,0.0,0.0,,0.0,0.0
NNJ12,2023-24,,,,0.0,0.0,,0.0,0.0
R0A,2023-24,0.49319334215167554,0.603978733255632,-0.11078539110395647,797.5384615384615,680.7934782608696,0.17148369807511155,1816.0,299.0
RQX,2024-25,0.7712393919612048,0.8532348847061672,-0.08199549274496232,357.43333333333334,359.19565217391306,-0.004906292239101107,78.0,60.0
RXG,2022-23,,,,0.0,0.0,,0.0,0.0
RXF,2022-23,1.0,1.0,0.0,512.5555555555555,549.1413043478261,-0.06662356027966376,62.0,30.0
NQT5F,2024-25,,,,0.0,0.0,,0.0,0.0
NQT5F,2025-26,,,,0.0,0.0,,0.0,0.0
RTF,2021-22,0.8592513632077405,0.869433669511249,-0.01018230630350847,271.0111111111111,280.2173913043478,-0.0328540643048012,0.0,0.0
R1F,2022-23,0.5608704372242279,0.6666063839406817,-0.10573594671645381,110.8,120.20652173913044,-0.07825300660095857,762.0,127.0
RTK,2022-23,0.5438325325089883,0.5663731461864407,-0.022540613677452415,330.6777777777778,328.3478260869565,0.007095986346516092,5.0,9.0
RYX,2022-23,,,,0.0,0.0,,0.0,0.0
NNJ13,2023-24,,,,0.0,0.0,,0.0,0.0
RGT,2025-26,0.5479612248038159,0.5999067888768059,-0.05194556407299,361.05555555555554,349.8369565217391,0.032068078642569775,1707.0,934.0
RR8,2021-22,0.5273653314917127,0.5666708134141356,-0.03930548192242289,514.8444444444444,611.6195652173913,-0.15822764063891503,285.0,2.0
Y02676,2021-22,,,,0.0,0.0,,0.0,0.0
NNJ12,2022-23,,,,0.0,0.0,,0.0,0.0
RMP,2023-24,0.4389558896415001,0.5639952658720095,-0.12503937623050942,266.0659340659341,257.1521739130435,0.034663366897706105,746.0,101.0
RXN,2024-25,0.6035209813924685,0.6373385122013003,-0.033817530808831875,376.7888888888889,386.1847826086956,-0.02433004650348225,1420.0,762.0
RL4,2022-23,0.6378519262617761,0.71875,-0.08089807373822389,409.25555555555553,422.2608695652174,-0.030799240344133283,677.0,354.0
RV9,2023-24,,,,0.0,0.0,,0.0,0.0
RTK,2023-24,0.5710752318790794,0.6125160279242057,-0.041440796045126294,319.8901098901099,305.17391304347825,0.048222329031561095,531.0,15.0
RXR,2024-25,0.6172409205800187,0.6748055426775872,-0.05756462209756852,417.6111111111111,422.0217391304348,-0.010451186776329835,3516.0,2697.0
Y03218,2021-22,,,,0.0,0.0,,0.0,0.0
RTR,2022-23,0.538284998956812,0.5342595002602811,0.004025498696530905,319.53333333333336,334.0869565217391,-0.04356238070449414,419.0,146.0
C82038,2023-24,,,,0.0,0.0,,0.0,0.0
RA2,2023-24,0.5955140993152531,0.6504617344230974,-0.054947635107844284,203.8131868131868,204.80434782608697,-0.0048395506414825595,234.0,8.0
RYJ,2025-26,0.5816909653499847,0.567719840919134,0.01397112443085069,398.5888888888889,393.5652173913044,0.01276452103893555,0.0,0.0
RYJ,2024-25,0.563887877684747,0.5967113803548247,-0.03282350267007772,396.7888888888889,376.79347826086956,0.053067294901998574,1324.0,409.0
RYX,2023-24,,,,0.0,0.0,,0.0,0.0
C82010,2022-23,,,,0.0,0.0,,0.0,0.0
RGT,2021-22,1.0,1.0,0.0,289.1,305.2282608695652,-0.05283999857554911,389.0,255.0
RH8,2022-23,0.49352665301539067,0.5079609506653495,-0.01443429764995885,336.4222222222222,374.10869565217394,-0.10073669462361434,979.0,606.0
Y02428,2022-23,,,,0.0,0.0,,0.0,0.0
AJN,2023-24,,,,0.0,0.0,,0.0,0.0
ARN03,2023-24,,,,0.0,0.0,,0.0,0.0
AXG,2023-24,,,,0.0,0.0,,0.0,0.0
RXW,2023-24,0.40929735506278386,0.43874099592859384,-0.029443640865809972,329.05494505494505,347.0652173913044,-0.051893049011746295,2885.0,2187.0
NNJ,2024-25,,,,0.0,0.0,,0.0,0.0
NNF09,2024-25,,,,0.0,0.0,,0.0,0.0
REF,2025-26,0.4647237709072478,0.5251126997859843,-0.06038892887873648,219.22222222222223,238.70652173913044,-0.08162449594989096,1883.0,910.0
RR8,2025-26,0.589056553254155,0.6311783408806244,-0.042121787626469454,580.9666666666667,564.0760869565217,0.02994379676911718,2723.0,462.0
RYJ,2021-22,1.0,1.0,0.0,409.94444444444446,374.5326086956522,0.09454940618419738,372.0,51.0
RXR,2021-22,0.5437983444157959,0.6631425446591324,-0.11934420024333647,327.5111111111111,357.7826086956522,-0.08460863342379932,649.0,44.0
AXG,2022-23,,,,0.0,0.0,,0.0,0.0
RH8,2023-24,0.5499669689508138,0.5244791666666666,0.025487802284147154,365.95604395604397,396.5217391304348,-0.07708453826874884,360.0,148.0
RPA,2023-24,0.5797758364925004,0.6378119157928961,-0.05803607930039567,266.68131868131866,267.45652173913044,-0.0028984264536570103,2535.0,822.0
RTF,2024-25,0.6909052953865423,0.7571106730498451,-0.06620537766330281,319.35555555555555,308.7826086956522,0.03424074595575566,16.0,1.0
NNFA7,2025-26,,,,0.0,0.0,,0.0,0.0
RJ2,2022-23,0.4401476089374179,0.5553320871684453,-0.1151844782310274,439.6,459.3804347826087,-0.043058940444360205,2272.0,1114.0
RDY,2022-23,,,,0.0,0.0,,0.0,0.0
RWA,2022-23,0.4331957117579711,0.4761492039034412,-0.04295349214547006,320.25555555555553,338.60869565217394,-0.0542016207270446,1439.0,1293.0
R1D,2023-24,,,,0.0,0.0,,0.0,0.0
RBD,2024-25,0.5258244634444251,0.5923868769902985,-0.06656241354587333,127.35555555555555,146.77173913043478,-0.13228829807367914,159.0,151.0
NNFA7,2024-25,,,,0.0,0.0,,0.0,0.0
Y02676,2024-25,,,,0.0,0.0,,0.0,0.0
Y03218,2024-25,,,,0.0,0.0,,0.0,0.0
NNJ,2025-26,,,,0.0,0.0,,0.0,0.0
RXN,2021-22,0.5307591623036649,0.5972908141667843,-0.06653165186311938,203.73333333333332,231.09782608695653,-0.118410861828387,265.0,155.0
NQT5F,2021-22,,,,0.0,0.0,,0.0,0.0
NQTE4,2022-23,,,,0.0,0.0,,0.0,0.0
R1D,2022-23,,,,0.0,0.0,,0.0,0.0
R0B,2022-23,0.5141317788376611,0.6001851262618958,-0.08605334742423465,377.4,375.7717391304348,0.004333111567498715,182.0,6.0
RDY,2023-24,,,,0.0,0.0,,0.0,0.0
Y02428,2023-24,,,,0.0,0.0,,0.0,0.0
RWA,2023-24,0.45128758673862757,0.5242174020211979,-0.07292981528257036,356.31868131868134,352.7826086956522,0.010023375687659763,1372.0,591.0
RCF,2025-26,0.5887666473653734,0.6616958277254374,-0.07292918036006402,191.88888888888889,201.90217391304347,-0.049594736055032174,802.0,230.0
NTV0B,2021-22,,,,0.0,0.0,,0.0,0.0
RQX,2021-22,0.841869212962963,0.8791531604538088,-0.03728394749084574,307.2,321.9130434782609,-0.04570502431118317,14.0,5.0
ARN03,2022-23,,,,0.0,0.0,,0.0,0.0
REF,2024-25,0.4744647636039251,0.41792448161528184,0.05654028198864325,199.2888888888889,219.6413043478261,-0.09266205880250522,1266.0,1408.0
NNF09,2025-26,,,,0.0,0.0,,0.0,0.0
Y03218,2025-26,,,,0.0,0.0,,0.0,0.0
Y04538,2021-22,,,,0.0,0.0,,0.0,0.0
RXW,2022-23,0.43461673083654184,0.45475098913521317,-0.020134258298671326,317.44444444444446,346.1521739130435,-0.08293384133364035,2242.0,1626.0
R0B,2023-24,0.49520617565451497,0.6083298896038727,-0.11312371394935772,400.010989010989,368.2391304347826,0.08628050619903749,47.0,7.0
Y02676,2025-26,,,,0.0,0.0,,0.0,0.0
RTF,2025-26,0.7150569105691057,0.793195706028076,-0.07813879545897029,341.6666666666667,329.07608695652175,0.03826039086154687,0.0,0.0
RCF,2024-25,0.5634492895639392,0.5957316051176043,-0.03228231555366501,181.42222222222222,194.55434782608697,-0.06749849463967583,549.0,391.0
RR8,2024-25,0.5509906931900911,0.6088103298952838,-0.057819636705192745,564.7,552.2173913043479,0.022604519329186612,1938.0,609.0
AJN,2022-23,,,,0.0,0.0,,0.0,0.0
RPA,2022-23,0.49398560121629476,0.5750891089108912,-0.0811035076945964,248.4777777777778,274.45652173913044,-0.09465522552255223,1410.0,309.0
NQTE4,2023-24,,,,0.0,0.0,,0.0,0.0
RBD,2025-26,0.5869244506561069,0.691663261136085,-0.10473881047997813,143.1,159.58695652173913,-0.10331017572537804,268.0,100.0
RJ2,2023-24,0.42035128748568784,0.5071328375195194,-0.08678155003383159,451.0879120879121,410.6847826086956,0.09837990398030638,2505.0,1010.0
RAN,2021-22,,,,0.0,0.0,,0.0,0.0
RK9,2021-22,1.0,1.0,0.0,238.9777777777778,286.7717391304348,-0.16666203405391522,916.0,209.0
RVV,2021-22,0.6297951176983435,0.683512903106372,-0.05371778540802852,509.77777777777777,587.1521739130435,-0.13177911889452487,562.0,17.0
RDR,2022-23,,,,0.0,0.0,,0.0,0.0
RNS,2022-23,0.5430989739290135,0.5747754634053124,-0.031676489476298864,278.3,284.4021739130435,-0.021456143703420638,1589.0,2169.0
NDJ,2022-23,,,,0.0,0.0,,0.0,0.0
RXQ,2022-23,0.5606546500055292,0.6099925149700599,-0.04933786496453074,301.43333333333334,290.4347826086956,0.037869261477045946,1126.0,0.0
RWW,2022-23,0.4708896368111719,0.5963372038138393,-0.12544756700266735,221.1888888888889,230.2826086956522,-0.039489390268206526,2332.0,1197.0
RWP,2023-24,0.4368697276948864,0.4963270433381578,-0.05945731564327139,399.9230769230769,398.0326086956522,0.00474953103370046,878.0,881.0
RGN,2023-24,0.5052346476378978,0.5777108915110674,-0.07247624387316953,421.95604395604397,408.07608695652175,0.03401315941603089,2162.0,1662.0
8J094,2024-25,,,,0.0,0.0,,0.0,0.0
RRF,2024-25,0.45106059164843526,0.5402118664196476,-0.08915127477121232,233.62222222222223,228.81521739130434,0.021008239249653116,1517.0,650.0
RP5,2025-26,0.6042544651816175,0.667662783367964,-0.06340831818634651,442.93333333333334,465.57608695652175,-0.04863384150849426,776.0,243.0
RY8,2021-22,,,,0.0,0.0,,0.0,0.0
RWJ,2021-22,0.6242774566473989,0.7108379656803507,-0.08656050903295187,280.64444444444445,314.8152173913044,-0.1085423164420507,62.0,1.0
RCB,2024-25,0.4271985255397578,0.4491990141712877,-0.022000488631529924,337.6,352.82608695652175,-0.04315465187923595,2439.0,1528.0
RNQ,2024-25,0.604785704504998,0.6539271425563277,-0.049141438051329644,324.5777777777778,309.7173913043478,0.04798047152226981,0.0,0.0
RP5,2024-25,0.6188835286009648,0.6395507063509736,-0.020667177750008703,435.3,439.3369565217391,-0.009188747866102576,667.0,426.0
RJN,2024-25,0.4872024051352889,0.5153017742310374,-0.028099369095748505,136.74444444444444,140.29347826086956,-0.02529721167669574,1124.0,592.0
8J094,2025-26,,,,0.0,0.0,,0.0,0.0
RN5,2021-22,0.6782201249501529,0.7799253884792762,-0.10170526352912324,334.35555555555555,370.0326086956522,-0.09641597065149632,5.0,0.0
RN3,2022-23,0.5344792990435423,0.560825621042377,-0.026346321998834688,166.12222222222223,178.52173913043478,-0.06945662174595435,455.0,161.0
RWW,2023-24,0.4623547002363382,0.5642039446462231,-0.10184924440988496,227.83516483516485,236.42391304347825,-0.036327747467465143,2482.0,1496.0
RAE,2023-24,0.748595405732167,0.6886894342855014,0.05990597144666554,309.032967032967,291.85869565217394,0.05884447383832869,131.0,59.0
RRK,2023-24,0.5225060456420574,0.5205084711123827,0.0019975745296746394,1081.5164835164835,1063.7173913043478,0.01673291454820558,6209.0,3483.0
RTQ,2024-25,,,,0.0,0.0,,0.0,0.0
RJN,2025-26,0.45713153724247224,0.4424078011584427,0.014723736084029548,140.22222222222223,148.25,-0.05415027168821429,1139.0,962.0
RAE,2022-23,0.6793053640601405,0.7146029462358865,-0.03529758217574597,338.46666666666664,347.5326086956522,-0.02608659389693402,193.0,38.0
NTP11,2024-25,,,,0.0,0.0,,0.0,0.0
RNQ,2025-26,0.6149321848685478,0.6338085264509155,-0.018876341582367617,345.7111111111111,321.7608695652174,0.0744349105540918,1632.0,1967.0
NTP11,2025-26,,,,0.0,0.0,,0.0,0.0
NLX,2025-26,,,,0.0,0.0,,0.0,0.0
RWF,2025-26,0.7383579783712204,0.7958911614317019,-0.057533183060481496,604.1333333333333,595.2173913043479,0.01497930362795219,1385.0,364.0
RWP,2022-23,0.49198468716353627,0.4868638513706046,0.005120835792931655,371.5111111111111,381.45652173913044,-0.02607219974291264,1013.0,798.0
RXQ,2023-24,0.5756821282401091,0.5855737225209408,-0.00989159428083164,322.1978021978022,297.1630434782609,0.08424586861983996,1227.0,703.0
RJL,2024-25,0.4598842335262775,0.4824178692620352,-0.02253363573575773,289.85555555555555,291.4891304347826,-0.005604239433526836,2633.0,2528.0
NLX,2024-25,,,,0.0,0.0,,0.0,0.0
C83023,2025-26,,,,0.0,0.0,,0.0,0.0
NV693,2022-23,,,,0.0,0.0,,0.0,0.0
RGN,2022-23,0.48424188429199844,0.3994777342556324,0.08476415003636606,399.0888888888889,391.2717391304348,0.019978825395943423,2178.0,1666.0
RWF,2024-25,0.7845130290149696,0.8184862437687888,-0.0339732147538192,601.2222222222222,571.2826086956521,0.052407710423616694,634.0,76.0
RTQ,2025-26,,,,0.0,0.0,,0.0,0.0
NV693,2023-24,,,,0.0,0.0,,0.0,0.0
RDR,2023-24,,,,0.0,0.0,,0.0,0.0
RGP,2023-24,0.5613608748481167,0.6383959759675841,-0.07703510111946743,208.01098901098902,233.3804347826087,-0.10870425275902429,885.0,522.0
RN3,2023-24,0.515074441687345,0.5422530806280103,-0.0271786389406653,177.14285714285714,173.77173913043478,0.019399690820220084,212.0,246.0
C83023,2024-25,,,,0.0,0.0,,0.0,0.0
RRF,2025-26,0.4515817546441052,0.5733926221697899,-0.12181086752568471,241.64444444444445,239.55434782608697,0.00872493710644262,1540.0,1010.0
RBN,2021-22,0.5980768410728754,0.624706098457017,-0.02662925738414157,521.1333333333333,591.7391304347826,-0.11931912809208922,476.0,27.0
RGP,2022-23,0.5768811341330425,0.6211732073145675,-0.04429207318152495,203.77777777777777,211.6086956521739,-0.037006597721617296,1154.0,950.0
NDJ,2023-24,,,,0.0,0.0,,0.0,0.0
AD913,2023-24,,,,0.0,0.0,,0.0,0.0
RBK,2021-22,0.6645259339150897,0.7688418904503502,-0.10431595653526049,226.64444444444445,234.3586956521739,-0.03291642832480457,6.0,8.0
RW1,2021-22,,,,0.0,0.0,,0.0,0.0
AD913,2022-23,,,,0.0,0.0,,0.0,0.0
RJL,2025-26,0.45508588808626826,0.5136574657213805,-0.058571577635112226,321.47777777777776,302.0326086956522,0.06438102549953406,2884.0,1990.0
RCB,2025-26,0.4546430982630577,0.4942232055063913,-0.039580107243333607,362.06666666666666,353.7391304347826,0.02354146181579808,2095.0,1142.0
RRK,2022-23,0.5086761259337081,0.518003512880562,-0.009327386946853866,962.4111111111112,1039.6521739130435,-0.07429510055388278,4602.0,1826.0
RNS,2023-24,0.5243020798576354,0.5658914728682171,-0.04158939301058162,296.4065934065934,280.4347826086956,0.05695374393048813,3133.0,1689.0
