region_code,region_name,month_key,vacancy_wte_total,vacancy_wte_nursing,vacancy_pressure_index,nursing_pressure_index
Y59,South East,201604,2150.92,655.42,0.7926809474726152,0.7707035748019133
Y62,North West,201611,1746.05,588.47,0.7264474315815641,0.814864946731633
Y61,East of England,201612,1147.72,381.74,0.835565631382707,0.9966186742644605
Y56,London,201612,1933.13,571.36,0.7410984790580439,0.7288056447061853
Y61,East of England,201706,1454.35,428.34,1.0587990764310458,1.1182785218589588
Y56,London,201706,2904.04,891.96,1.1133134487198078,1.1377511251262409
Y63,North East and Yorkshire,201711,2027.5199999999998,558.37,0.7156714920823922,0.6818308785811197
Y58,South West,201712,1082.9,408.94,0.6632617515126505,0.8098210656650344
Y63,North East and Yorkshire,201804,1931.2799999999997,579.71,0.6817008163810381,0.70788935405244
Y60,Midlands,201809,2227.7300000000005,743.49,0.8053939008963446,0.8835315116613469
Y63,North East and Yorkshire,201811,2311.3599999999997,647.13,0.8158609828458205,0.7902165525658613
Y62,North West,201901,2556.32,846.4,1.0635618099714121,1.172025236483855
Y59,South East,201902,2388.5899999999997,802.0,0.8802697377511082,0.9430659226009803
Y61,East of England,201903,1246.94,328.5,0.907799993374998,0.8576236037509175
Y56,London,201903,2479.57,673.45,0.9505856076507809,0.8590278658418169
Y59,South East,201905,2897.15,918.88,1.0676899219730567,1.08050425805435
Y59,South East,201911,2770.22,991.42,1.0209122674518754,1.1658035124502044
Y59,South East,202005,1768.7,645.99,0.65182098441356,0.7596149069089866
Y62,North West,202010,2533.2699999999995,861.39,1.053971813523455,1.1927821579097682
Y60,Midlands,202012,2515.0,760.59,0.9092509688132341,0.9038524155731803
Y62,North West,202106,2689.92,875.86,1.1191463446979646,1.2128190260240421
Y58,South West,202108,2330.67,695.22,1.4275041706510196,1.3767393780790464
Y59,South East,202112,3146.8500000000004,970.49,1.1597121415739309,1.1411920788341963
Y58,South West,202201,2657.59,888.19,1.6277382936582372,1.7588765401110846
Y59,South East,202202,3722.2100000000005,1018.44,1.3717502043274707,1.1975761324360878
Y59,South East,202205,4527.97,1295.65,1.6686978361480564,1.5235453399226437
Y60,Midlands,202206,3366.8500000000004,943.19,1.217221321808683,1.120846395356852
Y62,North West,202303,3126.19,952.84,1.3006573100059964,1.3194146105048161
Y59,South East,202304,3062.16,882.67,1.128501241381708,1.0379251844167172
Y58,South West,202402,1696.63,475.91,1.0391631595428095,0.9424412954483459
Y62,North West,202405,3031.9100000000003,729.32,1.2614319362483666,1.0099024639324257
Y60,Midlands,202406,2831.55,816.4,1.0236936702755917,0.9701746171708073
Y60,Midlands,202410,3376.61,984.2,1.2207498663238388,1.1695809140366349
Y58,South West,202412,1058.28,278.91,0.6481823311393552,0.5523235521705746
Y63,North East and Yorkshire,202502,2780.7400000000002,716.87,0.9815421524291704,0.875376724982444
Y58,South West,202507,1509.54,363.29,0.9245730394112166,0.7194206850526981
Y60,Midlands,202511,2123.45,575.91,0.7676934273266249,0.6843866533253793
Y60,Midlands,201609,1922.26,540.99,0.6949569651335695,0.6428892284948985
Y61,East of England,201611,1196.3,420.76,0.8709329495200331,1.0984892161772788
Y56,London,201611,2260.27,676.74,0.8665131984194157,0.8632244679334636
Y62,North West,201612,1573.55,514.49,0.6546784776868763,0.7124235159718556
Y59,South East,201701,2121.8399999999997,736.81,0.7819640626268264,0.8664094793411824
Y62,North West,201706,2391.82,608.88,0.9951212713298112,0.8431270392134802
Y60,Midlands,201708,2140.08,713.59,0.7737056911880024,0.8479996387394861
Y58,South West,201711,1377.2299999999998,469.92,0.8435349358535115,0.9305793397009658
Y63,North East and Yorkshire,201712,1724.7100000000003,506.95,0.608785994273508,0.6190414311239834
Y60,Midlands,201802,2162.4700000000003,605.04,0.7818003747632424,0.7190034913927306
Y58,South West,201804,1187.0000000000002,449.67,0.7270216077620429,0.8904784041609919
Y59,South East,201808,2700.06,856.04,0.9950561243713896,1.0066111625727472
Y58,South West,201811,1572.3200000000002,543.07,0.9630249488765082,1.0754377809231435
Y61,East of England,201901,1244.18,315.15,0.9057906521222392,0.8227704070688026
Y56,London,201901,2691.2900000000004,833.11,1.031752094118928,1.0626842457665395
Y62,North West,201903,2527.33,792.69,1.0515004651980382,1.097652037698945
Y59,South East,201910,2924.39,949.63,1.0777287095658792,1.116662957705198
Y59,South East,202007,2514.23,853.63,0.9265719871329818,1.003777261234258
Y61,East of England,202010,1119.54,337.08,0.8150499659831629,0.8800236357758273
Y56,London,202010,2410.7200000000003,732.95,0.9241907814967476,0.9349238611162813
Y60,Midlands,202102,2540.8,859.52,0.9185784737815766,1.021416569023337
Y60,Midlands,202104,3007.9600000000005,908.52,1.0874713893246346,1.079646059764848
Y61,East of England,202106,1864.24,575.74,1.357208093131511,1.5030995848509994
Y56,London,202106,2893.07,884.16,1.1091079114226436,1.1278017341490842
Y63,North East and Yorkshire,202108,3795.7200000000003,1170.18,1.3398085325555251,1.4289178456902316
Y60,Midlands,202110,3752.5099999999998,1214.71,1.3566494445253872,1.4435090754820572
Y63,North East and Yorkshire,202201,3752.3300000000004,1057.08,1.3244927842317331,1.2908103679111163
Y61,East of England,202303,1934.1400000000003,535.59,1.4080968444242055,1.3982789221703318
Y56,London,202303,3808.3899999999994,1190.39,1.46001150293041,1.5184173750381476
Y60,Midlands,202305,4296.27,1318.74,1.553235650013214,1.5671338493971467
Y60,Midlands,202306,3717.05,1076.91,1.3438295481619214,1.2797534872334815
Y63,North East and Yorkshire,202402,3552.77,966.21,1.2540523432200723,1.1798481530058271
Y60,Midlands,202404,3055.3399999999997,916.38,1.1046007375959548,1.088986545422568
Y61,East of England,202405,1470.57,367.08,1.0706075964019686,0.9583454260727148
Y56,London,202405,2976.13,912.78,1.1409503843399131,1.1643083456575745
Y63,North East and Yorkshire,202412,2464.17,648.26,0.8697996669057118,0.7915964062342115
Y60,Midlands,202501,3083.23,860.96,1.1146838427729733,1.023127803036965
Y58,South West,202502,1171.6100000000001,327.33,0.7175954388122048,0.6482093447061567
Y63,North East and Yorkshire,202507,2555.98,576.48,0.9022066467076788,0.7039451705579524
Y59,South East,202601,1824.66,535.49,0.672443985650504,0.629678766700248
Y61,East of England,201604,1113.89,395.76,0.8109366405925518,1.0332210575965393
Y56,London,201604,2609.37,782.42,1.0003466597174986,0.9980259600444789
Y58,South West,201608,1422.8600000000001,486.18,0.8714826999328562,0.9627789057197301
Y59,South East,201612,1824.9199999999998,604.72,0.672539803740597,0.711085816353198
Y62,North West,201701,1855.4900000000002,551.41,0.7719801522437941,0.7635473010982543
Y60,Midlands,201703,2301.0299999999997,739.7,0.8318941378800461,0.8790276388060341
Y60,Midlands,201704,1458.19,414.87,0.5271811809995108,0.49301364946797266
Y59,South East,201706,2458.72,845.6,0.9061148248981218,0.9943348430815324
Y63,North East and Yorkshire,201801,2069.47,621.46,0.730478950994194,0.758870673214934
Y63,North East and Yorkshire,201806,2157.3599999999997,666.39,0.7615022540635208,0.8137351203998645
Y58,South West,201807,1545.77,468.31,0.9467634293431617,0.9273910677888988
Y62,North West,201808,2490.87,882.84,1.0363312126820943,1.2224843570148944
Y58,South West,201810,1524.49,496.82,0.9337297142520276,0.9838492244429559
Y61,East of England,201902,1073.22,299.32,0.7813279780020813,0.7814426090554784
Y56,London,201902,2472.13,748.42,0.9477333562842448,0.954656819887642
Y59,South East,201903,2410.02,806.76,0.8881673595614676,0.9486631717176645
Y61,East of England,201905,1183.45,284.64,0.8615778643396165,0.7431171463368681
Y56,London,201905,2716.68,828.78,1.0414857852743513,1.0571610582112716
Y60,Midlands,201909,2452.47,843.92,0.8866444228570147,1.0028782005423662
Y62,North West,201910,2621.16,932.44,1.090538615597682,1.291166365202039
Y61,East of England,201911,962.0600000000002,234.45,0.7004010310250298,0.6120847911701753
Y56,London,201911,2683.84,833.54,1.0288960090812003,1.063232737833229
Y58,South West,202002,1548.78,471.3,0.9486070140435524,0.9333121441970234
Y60,Midlands,202003,2105.27,696.9,0.7611207901047464,0.8281659611787551
Y60,Midlands,202004,1137.21,442.49,0.4111368963197209,0.5258360685349223
Y61,East of England,202005,650.4599999999999,168.73,0.473549315677339,0.4405078558931273
Y56,London,202005,1391.41,461.67,0.5334208432677331,0.5888891451825549
Y62,North West,202007,2223.78,838.72,0.9252079089387193,1.1613906029581036
Y60,Midlands,202008,2272.32,785.12,0.8215145771187627,0.933002811652553
Y63,North East and Yorkshire,202105,4051.3500000000004,1312.28,1.4300404925465595,1.6024374972588638
Y58,South West,202107,2202.6,667.66,1.3490630103257586,1.32216249988242
Y58,South West,202109,2232.4,710.43,1.3673151113462378,1.406859636329071
Y58,South West,202111,2450.49,827.99,1.5008923164320203,1.6396628947033596
Y61,East of England,202112,1862.0500000000002,531.0,1.3556137245287785,1.3862956882549078
Y56,London,202112,2298.33,657.42,0.8811041509745718,0.838580591820814
Y61,East of England,202202,1954.9899999999998,545.37,1.42327610714885,1.4238118258071168
Y56,London,202202,2884.06,856.61,1.1056537736790293,1.0926599749925885
Y61,East of England,202205,2336.4700000000003,613.92,1.7010020133453747,1.6027771166355047
Y56,London,202205,3482.7799999999997,952.01,1.3351833352613502,1.2143486800208896
Y60,Midlands,202209,4133.629999999999,1323.7,1.4944362155926234,1.5730280998885322
Y63,North East and Yorkshire,202210,4328.98,1212.32,1.5280379852207793,1.4803753975347225
Y61,East of England,202304,1710.8599999999997,476.88,1.2455440491647944,1.245003178559323
Y56,London,202304,2786.4400000000005,828.44,1.0682294755068187,1.0567273668097035
Y58,South West,202307,1946.68,566.3,1.1923154367297502,1.1214399899401108
Y58,South West,202401,1602.35,514.0,0.9814179218176152,1.0178706601257586
Y63,North East and Yorkshire,202407,3159.05,769.42,1.1150775464917146,0.9395460261079304
Y58,South West,202408,1397.6799999999998,364.05,0.8560602870571625,0.7209257078186428
Y58,South West,202504,1355.6100000000001,304.38,0.8302929753144928,0.6027616177608529
Y60,Midlands,202505,2520.6,713.12,0.9112755435350448,0.8474411109711492
Y63,North East and Yorkshire,202508,2257.15,563.88,0.7967260043569345,0.6885591916011279
Y63,North East and Yorkshire,202512,2278.85,554.54,0.8043856434126221,0.6771540294220214
Y62,North West,202601,2071.57,510.25,0.8618806482296733,0.7065523120461803
Y58,South West,202603,1738.25,505.02,1.0646548523103379,1.000087627970254
Y61,East of England,201607,1073.71,283.36,0.7816847088766653,0.7397754166175343
Y56,London,201607,2706.51,848.75,1.0375869416725139,1.0826340502386844
Y58,South West,201609,1429.69,488.76,0.8756659834888922,0.9678880619514897
Y61,East of England,201610,1144.38,294.93,0.8331340372579917,0.7699815204087005
Y56,London,201610,2577.36,794.08,0.9880750782332487,1.0128990239923823
Y62,North West,201702,1784.33,532.25,0.7423738985675853,0.7370161060001558
Y58,South West,201708,1592.4499999999998,548.62,0.9753543043645029,1.0864284077007658
Y61,East of England,201709,1068.7799999999997,289.78,0.7780955594650345,0.7565362797410681
Y56,London,201709,2321.49,737.5,0.8899829334542727,0.9407276725196226
Y60,Midlands,201711,2269.16,659.39,0.8203721385257408,0.7835906918376515
Y58,South West,201802,1298.75,437.48,0.7954669865888401,0.8663386311124841
Y60,Midlands,201804,1835.1600000000003,601.23,0.6634675975854055,0.7144758513983397
Y61,East of England,201805,1424.6299999999999,474.78,1.0371622568542378,1.2395206532385408
Y56,London,201805,2855.52,803.35,1.094712476098258,1.0247234924998494
Y63,North East and Yorkshire,201809,1961.9299999999998,660.35,0.6925196153237491,0.8063596193761169
Y60,Midlands,201811,2223.7900000000004,738.88,0.8039694679670705,0.8780531861038292
Y59,South East,201812,1908.7200000000003,652.07,0.7034227112398092,0.7667643343521462
Y61,East of England,201908,1003.79,227.69,0.7307813971401103,0.5944362810899434
Y56,London,201908,2480.4900000000002,614.33,0.9509383054004064,0.7836165844867523
Y62,North West,202006,1912.93,668.15,0.7958781737609585,0.9251992695613039
Y59,South East,202009,2599.14,904.2,0.9578639641706679,1.0632421536356689
Y63,North East and Yorkshire,202012,2497.1499999999996,747.91,0.8814409063553236,0.9132799620316371
Y59,South East,202101,2459.17,805.82,0.906280663900206,0.9475578326063865
Y58,South West,202102,1666.61,550.81,1.0207763114678163,1.0907652496184221
Y61,East of England,202103,1408.98,423.86,1.0257687095333412,1.1065824678412906
Y56,London,202103,2589.4700000000003,793.9,0.992717654046253,1.0126694226621402
Y58,South West,202104,1707.5699999999997,506.39,1.045863763071804,1.0028006295351806
Y58,South West,202110,2539.73,773.21,1.55555062163563,1.531182437968556
Y59,South East,202203,4263.3,1180.8,1.5711587057445189,1.3884940665925656
Y63,North East and Yorkshire,202206,4205.72,1080.17,1.48452982346944,1.3190057849042178
Y59,South East,202211,4018.7400000000002,1141.78,1.4810307360785606,1.3426107345478147
Y62,North West,202212,2743.1,723.63,1.14127198509286,1.002023419041602
Y62,North West,202301,3238.77,1001.17,1.3474964336550628,1.386338026950072
Y58,South West,202305,1990.8000000000002,589.22,1.2193383460258425,1.1668283080920223
Y58,South West,202306,1828.64,478.82,1.1200175171170867,0.9482039484074235
Y61,East of England,202309,1701.14,424.82,1.2384676734485573,1.1090887651307908
Y56,London,202309,2971.8599999999997,840.08,1.139313406741108,1.071574919498691
Y59,South East,202310,3197.5099999999998,1121.7,1.17838192789744,1.318998809702643
Y62,North West,202312,2146.2,605.9,0.8929306020219082,0.8390005798506235
Y58,South West,202404,1640.97,496.17,1.0050721547508672,0.9825620339194506
Y63,North East and Yorkshire,202406,2950.9399999999996,812.01,1.0416191370963612,0.9915530772008794
Y59,South East,202409,2444.1600000000003,683.8,0.9007490118529129,0.804075408821135
Y63,North East and Yorkshire,202410,2770.8799999999997,724.39,0.9780617818720697,0.884559467978898
Y61,East of England,202411,1442.64,343.45,1.0502739365506817,0.8966539625821998
Y56,London,202411,2696.09,787.66,1.0335922562908866,1.0047099098804149
Y58,South West,202501,1456.73,430.31,0.8922276214618371,0.8521399294916637
Y60,Midlands,202502,2725.4500000000003,752.88,0.985335209921284,0.8946901834585466
Y62,North West,202503,2224.6000000000004,589.95,0.9255490715021608,0.8169143292339913
Y62,North West,202506,1784.7700000000002,482.24,0.7425569614065052,0.6677663634711416
Y62,North West,202510,2356.83,607.08,0.9805636151166219,0.8406345469808822
Y63,North East and Yorkshire,202511,2359.38,655.97,0.832811022820665,0.8010111600244588
Y62,North West,202602,2071.23,482.6,0.861739190581417,0.6682648619176612
Y60,Midlands,201604,1570.29,490.23,0.5677088285557588,0.5825682295145087
Y62,North West,201605,1820.23,518.57,0.7573101620158131,0.718073165032411
Y58,South West,201606,1242.8,451.76,0.7611983606795845,0.8946172167673397
Y61,East of England,201703,1248.27,355.32,0.9087682628917259,0.9276432842763349
Y56,London,201703,2763.55,889.0,1.05945420214929,1.1339754588067046
Y61,East of England,201704,957.23,279.43,0.6968846838327019,0.729515262088642
Y56,London,201704,2214.88,696.81,0.8491121648808307,0.8888250162554552
Y58,South West,201705,1353.9899999999998,451.04,0.8293007470039833,0.8931914057259186
Y58,South West,201707,1444.7800000000002,437.17,0.8849084064553028,0.8657247402474277
Y62,North West,201710,2126.77,679.02,0.8848467134759733,0.9402511532103819
Y58,South West,201803,1329.6599999999999,418.91,0.8143989477480015,0.8295645880024932
Y59,South East,201809,2230.69,724.42,0.8220786745753854,0.8518401691404016
Y63,North East and Yorkshire,201812,1824.1599999999999,683.85,0.6438897317890904,0.8350556912400356
Y60,Midlands,201902,2310.4500000000003,809.58,0.8352997617870922,0.9620700227451522
Y62,North West,201904,2675.3,924.35,1.1130636658229482,1.279963997334418
Y60,Midlands,201905,3031.8299999999995,942.1,1.0961011390763526,1.1195510862770917
Y62,North West,201906,2530.2499999999995,821.0,1.0527153367654147,1.1368534016460834
Y58,South West,201907,1652.8700000000001,503.73,1.0123607454268304,0.9975330498543742
Y61,East of England,201909,964.8000000000001,226.37,0.702395811833928,0.5909901223168804
Y56,London,201909,2486.6899999999996,687.31,0.9533151815391862,0.8767071682704567
Y60,Midlands,201911,2638.0,831.01,0.9537193064530066,0.9875365122674089
Y58,South West,201912,1181.97,382.14,0.7239408001065727,0.7567492102343528
Y58,South West,202001,1808.4600000000003,565.83,1.1076575372985207,1.120509252176961
Y61,East of England,202003,738.98,193.55,0.5379938402042247,0.5053060837320855
Y56,London,202003,2002.3099999999997,660.94,0.7676198163613992,0.8430705733899925
Y61,East of England,202004,313.36,97.54,0.22813303440742086,0.2546502475186134
Y56,London,202004,1035.7,334.62,0.39705332531201526,0.4268288729200219
Y60,Midlands,202005,1789.1399999999999,556.59,0.6468299317465247,0.6614275969758693
Y61,East of England,202008,812.1199999999999,233.79,0.5912413834023315,0.6103617117836438
Y56,London,202008,2037.53,609.55,0.7811220062981467,0.7775193936058793
Y63,North East and Yorkshire,202009,2662.09,867.54,0.9396612227537168,1.0593612844605989
Y58,South West,202011,1662.5100000000002,552.4,1.0182651163609722,1.0939139156682276
Y59,South East,202012,2552.92,900.53,0.9408304560010547,1.0589266275309985
Y63,North East and Yorkshire,202101,2927.3,974.6,1.0332747192495202,1.1900932612159665
Y60,Midlands,202112,3060.3,880.82,1.1063939323495589,1.0467285721415858
Y60,Midlands,202202,4029.94,1285.38,1.4569490454310954,1.527490261414763
Y63,North East and Yorkshire,202203,4718.62,1366.07,1.6655726286151642,1.6681209740912122
Y58,South West,202204,2354.68,742.31,1.4422099741913452,1.469991380774225
Y60,Midlands,202205,4377.610000000001,1239.63,1.5826425978475158,1.4731229307734544
Y59,South East,202206,4587.790000000001,1258.32,1.6907433674917662,1.4796492664928498
Y58,South West,202207,2163.4999999999995,611.11,1.3251147838190223,1.2101769243374558
Y58,South West,202208,2494.2899999999995,746.1,1.527719230012456,1.477496691672818
Y61,East of England,202209,1783.4499999999998,477.85,1.2983911801567356,1.2475355831122557
Y56,London,202209,2964.48,866.56,1.1364841574017215,1.105351826303192
Y63,North East and Yorkshire,202211,4782.2300000000005,1362.2,1.6880256074323208,1.6633952805544734
Y62,North West,202302,3400.88,1087.03,1.4149426082398042,1.5052299064449963
Y60,Midlands,202304,3833.08,1251.85,1.3857780133354398,1.4876446527502145
Y58,South West,202308,1889.8,521.28,1.157477198271869,1.0322871939890181
Y63,North East and Yorkshire,202310,3196.17,859.13,1.1281801180007989,1.049091754061639
Y62,North West,202311,2908.34,797.01,1.2100204021453718,1.10363401905718
Y58,South West,202403,1605.97,404.81,0.9836351233509755,0.8016424551079928
Y59,South East,202406,2675.73,865.64,0.9860897623253774,1.017899732219841
Y63,North East and Yorkshire,202409,2864.45,766.52,1.011090004288692,0.9360048087289787
Y59,South East,202410,2510.5699999999997,725.8,0.9252231632493646,0.8534629010271714
Y61,East of England,202505,1111.73,301.29,0.8093641126556101,0.7865857399516407
Y56,London,202505,2079.26,624.79,0.7971199161806131,0.7969589728997085
Y58,South West,202509,1207.27,345.17,0.7394367113756373,0.6835377738435955
Y59,South East,202511,1678.71,406.2,0.6186568693079025,0.4776476031926661
Y59,South East,201608,2279.1000000000004,721.7,0.8399192658884744,0.8486417410737251
Y63,North East and Yorkshire,201611,2061.95,647.31,0.7278245507315778,0.7904363522652444
Y58,South West,201612,903.77,292.57,0.5535470248080046,0.5793743560953174
Y60,Midlands,201702,1882.8200000000002,520.92,0.6806981745928166,0.619038904429957
Y58,South West,201706,1436.2199999999998,435.85,0.8796655210615004,0.8631107533381553
Y62,North West,201711,2160.22,660.06,0.8987636497529431,0.913996901693683
Y61,East of England,201712,878.3499999999999,299.26,0.6394582932466112,0.7812859654748846
Y56,London,201712,1611.6599999999999,475.64,0.6178574512622984,0.6067087595352316
Y62,North West,201804,2085.67,623.07,0.867746980113239,0.8627761863137944
Y59,South East,201807,2492.13,893.87,0.918427449475075,1.051095182338327
Y59,South East,201810,2552.09,866.38,0.9405245751749887,1.0187698927968047
Y62,North West,201811,2344.6000000000004,786.73,0.9754753002984654,1.0893991189732317
Y63,North East and Yorkshire,201901,2374.81,732.83,0.8382574850616448,0.8948656316610885
Y58,South West,201903,1506.22,522.57,0.922539583861284,1.0348417721048981
Y59,South East,202002,2713.3700000000003,838.31,0.9999612735219209,0.9857625855057702
Y60,Midlands,202006,2288.0499999999997,697.99,0.8272014628998489,0.8294612702585152
Y63,North East and Yorkshire,202010,2874.29,922.8,1.014563315270626,1.1268397921712434
Y63,North East and Yorkshire,202106,3698.3600000000006,1071.84,1.3054425206448452,1.3088339432605391
Y59,South East,202107,3972.0499999999997,1220.69,1.4638240182845483,1.4354004252615844
Y61,East of England,202108,1753.4499999999998,515.16,1.2765505143658797,1.3449417829781511
Y56,London,202108,2664.1499999999996,873.87,1.0213475105049776,1.114676191436912
Y59,South East,202109,3945.08,1212.1,1.4538847340929764,1.4252995072127783
Y59,South East,202111,4182.17,1228.31,1.541259776324339,1.4443607274189652
Y61,East of England,202201,2137.24,610.68,1.5559581518282999,1.5943183632834408
Y56,London,202201,2728.13,935.73,1.0458753387887112,1.1935825152634394
Y60,Midlands,202212,3409.7399999999993,991.14,1.2327273949905513,1.177828111296759
Y60,Midlands,202301,4292.57,1300.04,1.5518979845720176,1.5449115743590598
Y63,North East and Yorkshire,202303,4561.71,1212.19,1.610186731646134,1.4802166533073902
Y59,South East,202307,3564.6700000000005,1102.13,1.3136918123534151,1.2959865901199732
Y60,Midlands,202312,2510.85,697.89,0.9077506143318922,0.8293424345631244
Y59,South East,202401,2839.07,863.86,1.0462856347707388,1.0158066432644426
Y61,East of England,202402,1537.86,388.98,1.1195962097708585,1.0155203329894427
Y56,London,202402,3135.72,892.04,1.2021319428863497,1.137853170161904
Y63,North East and Yorkshire,202405,3094.6400000000003,797.42,1.0923421846678971,0.9737370904564293
Y59,South East,202408,2441.3100000000004,753.15,0.899698698173047,0.8856235655946737
Y61,East of England,202412,1179.52,319.92,0.8587167371210143,0.8352235717260078
Y56,London,202412,2249.59,672.97,0.8624188375868075,0.858415595627838
Y62,North West,202502,2146.34,577.66,0.8929888492888374,0.799896146156975
Y60,Midlands,202503,2620.11,732.85,0.9472515132792219,0.8708873936717616
Y59,South East,202504,1892.29,608.71,0.6973677450081616,0.7157776281127716
Y60,Midlands,202506,2596.4199999999996,767.78,0.9386868391435614,0.9123967020717816
Y61,East of England,202507,1560.1999999999998,360.45,1.1358602255631158,0.9410363104171027
Y56,London,202507,2457.9700000000003,635.4,0.9423048778769666,0.8104926957545332
Y60,Midlands,202510,2423.27,629.44,0.8760877118075728,0.7479994010680954
Y60,Midlands,202602,2150.08,603.56,0.7773210031912359,0.7172447231009461
Y59,South East,202603,1963.23,544.5,0.7235113423589266,0.6402735596711144
Y60,Midlands,201607,1739.16,537.69,0.6287606023543635,0.6389676505470008
Y60,Midlands,201610,1454.1100000000001,430.3,0.5257061337021917,0.5113499972667791
Y58,South West,201611,1273.1499999999999,419.94,0.7797873293363476,0.8316042899089708
Y63,North East and Yorkshire,201612,1691.1599999999999,559.27,0.5969435569316497,0.6829298770780357
Y63,North East and Yorkshire,201706,2040.6699999999996,608.87,0.7203131627543872,0.7434969053525196
Y60,Midlands,201709,1945.12,545.8,0.7032215683729613,0.6486052254431978
Y61,East of England,201711,1287.47,420.05,0.9373067328584443,1.0966356004735858
Y56,London,201711,2534.83,746.59,0.9717704746554559,0.9523225396968477
Y62,North West,201712,1477.71,492.45,0.6148040629548943,0.6819043333016002
Y59,South East,201801,2573.25,899.12,0.9483226935840975,1.0572686188640816
Y61,East of England,201804,1131.79,383.42,0.8239682378477624,1.0010046945210862
Y56,London,201804,2542.34,741.52,0.974649561720333,0.9458554355616957
Y60,Midlands,201805,2442.0499999999997,745.36,0.8828772677496454,0.8857537391651555
Y59,South East,201806,2479.1,751.47,0.9136254890369517,0.8836480659064323
Y61,East of England,201811,1341.95,351.38,0.9769693819346388,0.9173570224840104
Y56,London,201811,2407.5299999999997,704.65,0.9229678403866332,0.8988254297504435
Y58,South West,201901,1537.0700000000002,576.17,0.9414347958237601,1.1409854829662611
Y63,North East and Yorkshire,201903,2444.3500000000004,822.24,0.8628036279156782,1.0040450267824916
Y60,Midlands,201908,2155.64,689.7,0.7793311166650337,0.8196097911106147
Y58,South West,202010,1813.08,636.14,1.1104872254433062,1.2597436609579766
Y60,Midlands,202103,3191.7200000000003,1113.69,1.153906362696054,1.323461255998232
Y59,South East,202105,3180.0,1016.79,1.1719289480607908,1.1956359095279934
Y58,South West,202106,2169.2,640.54,1.3286059575041476,1.2684569506555512
Y62,North West,202108,2584.2299999999996,830.26,1.075173818685619,1.149675889464893
Y62,North West,202201,2829.56,876.97,1.1772438329405976,1.214356062900811
Y59,South East,202210,4338.5,1250.44,1.5988722456483462,1.47038323224086
Y58,South West,202303,2428.3199999999997,684.89,1.4873134882567174,1.3562829502208769
Y60,Midlands,202309,3462.48,1079.29,1.2517945504956052,1.2825817767837833
Y62,North West,202402,3141.89,1005.46,1.3071893249401796,1.3922784667710975
Y58,South West,202405,1585.8100000000002,461.94,0.971287393264638,0.9147766006585465
Y59,South East,202407,2879.08,855.0,1.0610305647115916,1.005388234194312
Y60,Midlands,202411,3040.71,859.68,1.0993115361352244,1.0216067061359624
Y62,North West,202412,1725.9500000000003,456.1,0.7180847882581832,0.6315698373821907
Y61,East of England,202502,1307.42,355.05,0.9518307756093636,0.926938388163663
Y56,London,202502,2496.2200000000003,703.37,0.9569686701847628,0.8971927091798333
Y62,North West,202507,2585.8,565.05,1.0758270201790376,0.7824348533497191
Y59,South East,202508,1765.1499999999999,511.33,0.6505126989526745,0.6012691997550614
Y59,South East,202512,1482.2200000000003,445.37,0.5462441903756811,0.5237073191381528
Y63,North East and Yorkshire,201607,1876.4700000000003,532.94,0.6623540506371561,0.6507780654960366
Y62,North West,201609,1869.2299999999996,578.96,0.7776967054409707,0.8016962794360736
Y63,North East and Yorkshire,201610,1905.39,622.33,0.672562196327962,0.7599330384286195
Y60,Midlands,201612,1548.83,447.03,0.5599503689968196,0.5312312091056663
Y58,South West,201702,1325.7800000000002,468.83,0.8120224996956709,0.928420820207703
Y59,South East,201703,2572.37,877.05,0.9479983862022442,1.031316667602481
Y59,South East,201704,1926.1299999999999,613.28,0.7098388379648839,0.7211514576218568
Y60,Midlands,201706,2379.26,711.08,0.8601767236813421,0.8450168627851761
Y62,North West,201708,2231.4700000000003,666.21,0.9284073481007492,0.9225129168217262
Y63,North East and Yorkshire,201709,2085.22,715.96,0.7360383664378383,0.8742655153911179
Y62,North West,201802,2069.86,628.19,0.8611691994693259,0.8698659419976287
Y63,North East and Yorkshire,201805,2551.17,720.82,0.9005088188801278,0.8802001072744645
Y61,East of England,201809,844.26,224.88,0.6146400166862686,0.5871001400654683
Y56,London,201809,2293.57,645.02,0.8792793234873795,0.8227636112930264
Y60,Midlands,201903,2507.64,862.6,0.9065900991788541,1.025076708441375
Y63,North East and Yorkshire,201908,2579.3399999999997,853.58,0.9104522305021886,1.0423145966639902
Y59,South East,201909,2581.4300000000003,778.02,0.9513372781108703,0.9148680163366767
Y59,South East,202003,2077.8100000000004,698.35,0.7657376376006894,0.821184647192512
Y59,South East,202004,1253.29,403.38,0.46187636204877625,0.4743315858588322
Y58,South West,202006,1340.1,471.46,0.8207933079712835,0.9336289910951169
Y59,South East,202008,2263.01,739.26,0.8339896002361794,0.8692904163865346
Y61,East of England,202012,1006.23,245.03,0.7325577712911,0.6397062758815444
Y56,London,202012,2447.3100000000004,770.69,0.9382181843867415,0.9830636066903703
Y62,North West,202102,2158.1100000000006,740.19,0.8978857802299418,1.0249543475815037
Y63,North East and Yorkshire,202103,3147.4799999999996,966.87,1.1109935822578756,1.1806540852368987
Y62,North West,202104,2474.51,779.97,1.0295246034895316,1.0800384259219191
Y62,North West,202110,3310.04,1030.8,1.3771484530410014,1.427367218534449
Y61,East of England,202206,1924.0900000000001,515.9,1.4007802213842686,1.346873720472141
Y56,London,202206,3234.5,957.8,1.240000946916784,1.2217341894770095
Y59,South East,202209,4133.77,1221.86,1.5234228703224075,1.436776219687324
Y58,South West,202212,1911.61,554.69,1.1708355312670586,1.0984487868971926
Y58,South West,202301,2179.21,645.6,1.3347369484845166,1.2784772338077621
Y62,North West,202305,2778.03,735.2,1.1558046781916513,1.0180446052255792
Y62,North West,202306,2582.87,658.2,1.0746079880925945,0.9114213263866652
Y63,North East and Yorkshire,202309,3528.84,865.62,1.2456055615333161,1.0570167543338447
Y58,South West,202312,1566.67,403.16,0.9595643995219543,0.7983749714714024
Y62,North West,202404,2759.0600000000004,714.84,1.1479121735227689,0.9898517486390819
Y61,East of England,202406,1512.2800000000002,381.18,1.1009734020731887,0.995156667512252
Y56,London,202406,2920.58,822.74,1.119654340870682,1.0494566580187041
Y61,East of England,202410,1482.1899999999998,393.05,1.07906721428496,1.026145989206387
Y56,London,202410,2622.4300000000003,732.03,1.0053534342937032,0.9337503432061551
Y63,North East and Yorkshire,202411,2904.7,702.91,1.0252973993113383,0.8583300371858352
Y62,North West,202501,2309.2400000000002,646.08,0.960763704879821,0.8946385453538387
Y58,South West,202503,1559.24,445.31,0.9550136239990629,0.8818443261879407
Y59,South East,202505,1823.6299999999997,608.39,0.6720643986012892,0.7154013424578683
Y58,South West,202506,1318.9499999999998,350.77,0.8078392161396346,0.6946274152768722
Y58,South West,202510,1360.4,356.08,0.8332267861832208,0.7051427717073542
Y61,East of England,202511,1131.19,266.18,0.8235314245319454,0.69492313804085
Y56,London,202511,1896.52,519.92,0.7270634088256669,0.6631906867747827
Y58,South West,202602,1447.1499999999999,391.25,0.886359999724381,0.7747896804945584
Y63,North East and Yorkshire,201604,1662.1499999999999,489.78,0.5867036431525944,0.5980749820217074
Y62,North West,201608,2019.44,638.79,0.8401918623367453,0.8845439518118168
Y58,South West,201701,1363.19,523.57,0.8349356238290979,1.0368220652179834
Y59,South East,201711,2216.66,757.69,0.8169081830215197,0.890962118323612
Y61,East of England,201801,1323.0099999999998,396.53,0.9631806415986782,1.0352313168808258
Y56,London,201801,2612.9799999999996,871.14,1.001730615017659,1.1111939045949073
Y59,South East,201804,2511.4,824.87,0.9255290440754309,0.9699585879998387
Y61,East of England,201806,1153.31,353.32,0.8396352754417364,0.9224218315898758
Y56,London,201806,2546.67,710.32,0.9763095413462874,0.9060578716530691
Y62,North West,201807,2097.72,635.18,0.8727604055882011,0.8795451201675507
Y58,South West,201808,1668.76,520.96,1.0220931576823813,1.031653500192831
Y62,North West,201810,2664.65,887.34,1.1086327130172762,1.2287155875963893
Y59,South East,201811,2449.33,869.79,0.9026543177213009,1.0227796868068662
Y60,Midlands,201812,1609.5,542.57,0.5818844669204375,0.6447668324820738
Y63,North East and Yorkshire,201902,2156.42,693.98,0.7611704540306938,0.8474255298775462
Y63,North East and Yorkshire,201905,2475.08,761.45,0.8736506651590551,0.9298137838630185
Y58,South West,201910,1646.1899999999998,531.31,1.008269334862508,1.052149533913262
Y63,North East and Yorkshire,201911,2885.5699999999997,945.2,1.01854491566455,1.1541926436500427
Y62,North West,202002,2249.37,766.55,0.9358546772295312,1.061455511609994
Y63,North East and Yorkshire,202005,1613.4,537.07,0.5694959286841716,0.6558212474874402
Y58,South West,202007,1617.5800000000002,578.19,0.9907460929096253,1.1449856750546934
Y60,Midlands,202009,2626.92,918.09,0.9497135407534238,1.0910186358137512
Y60,Midlands,202101,2434.2699999999995,804.77,0.8800645550111296,0.9563540257968528
Y61,East of England,202105,1434.1100000000001,441.9,1.0440639072441484,1.153679971073152
Y56,London,202105,2541.1400000000003,823.64,0.9741895211773435,1.0506046646699145
Y62,North West,202107,2735.8900000000003,838.3,1.1382722508460157,1.160809021437164
Y62,North West,202109,2742.21,905.07,1.1409016988959544,1.2532666360874796
Y62,North West,202111,2961.38,941.2,1.2320877952733384,1.3032964940673493
Y63,North East and Yorkshire,202112,3841.26,1124.61,1.3558831852097195,1.3732718884630495
Y63,North East and Yorkshire,202202,4113.630000000001,1041.16,1.4520240096151418,1.2713703056101127
Y60,Midlands,202203,4470.6900000000005,1306.27,1.6162939219736134,1.552315038181909
Y63,North East and Yorkshire,202205,4956.84,1385.27,1.7496592284237322,1.6915662753587544
Y61,East of England,202210,1982.04,545.72,1.442969107470272,1.4247255800272474
Y56,London,202210,3401.5899999999997,986.42,1.3040577588569062,1.2582408009855
Y60,Midlands,202211,4678.369999999999,1435.4,1.691376721656767,1.7057675716400993
Y63,North East and Yorkshire,202304,3383.9599999999996,958.14,1.194465999026955,1.1699937998168133
Y62,North West,202307,2976.4700000000003,836.03,1.2383660185444738,1.1576657117882765
Y60,Midlands,202310,4074.1099999999997,1163.07,1.4729178785493777,1.382142322382228
Y62,North West,202401,3258.53,984.67,1.3557176193301879,1.3634901814845906
Y61,East of England,202407,1753.9800000000002,465.44,1.2769363661281852,1.2151364691927764
Y56,London,202407,3464.14,952.88,1.3280373721602439,1.2154584197837262
Y62,North West,202408,2384.5799999999995,707.28,0.9921090555257672,0.9793832812621702
Y60,Midlands,202409,3018.6299999999997,834.49,1.0913289272320845,0.9916719944670102
Y59,South East,202502,2092.81,659.12,0.771265604336825,0.7750543776867309
Y62,North West,202504,2025.55,538.66,0.8427339394862904,0.7458921477840186
Y61,East of England,202508,1014.8999999999999,264.14,0.7388697237046572,0.6895972563006616
Y56,London,202508,2202.5899999999997,577.5,0.8444005829863779,0.7366376011933317
Y61,East of England,202512,1212.9499999999998,301.43,0.883054519033958,0.7869512416396928
Y56,London,202512,1979.17,586.66,0.7587487012240816,0.7483217577767618
Y58,South West,202601,1453.6599999999999,430.82,0.8903472875647608,0.8531498789793371
Y62,North West,202603,2150.52,562.15,0.8947279462585752,0.7784191714194223
Y63,North East and Yorkshire,201605,1804.7500000000002,557.49,0.6370384140899709,0.680756302273024
Y61,East of England,201606,1225.9199999999998,378.05,0.8924969668775381,0.9869850940579433
Y56,London,201606,2885.01,827.36,1.1060179724422297,1.055349758828251
Y60,Midlands,201608,1985.9699999999998,562.77,0.7179901179061703,0.6687716429510231
Y59,South East,201702,2252.1400000000003,811.72,0.8299836670080597,0.954495599368663
Y58,South West,201703,1347.95,454.06,0.8256013278709736,0.8991718909274357
Y58,South West,201704,1092.59,349.84,0.6691967467773634,0.692785742681703
Y61,East of England,201705,1255.37,380.42,0.9139372204622284,0.9931725154913975
Y56,London,201705,2486.5099999999998,761.88,0.9532461754577377,0.9718258971379663
Y61,East of England,201707,1203.02,355.76,0.8758252586571847,0.9287920038673559
Y56,London,201707,2525.71,784.87,0.9682741665287343,1.0011510892616626
Y63,North East and Yorkshire,201710,2076.1000000000004,662.84,0.7328192001618997,0.8094001818842513
Y61,East of England,201803,1219.3,427.77,0.8876774599596893,1.1167904078433182
Y56,London,201803,2388.36,640.28,0.9156186927123731,0.816717442929985
Y60,Midlands,201807,2145.1400000000003,701.05,0.7755350390616387,0.8330976425374749
Y60,Midlands,201810,2123.64,704.83,0.7677621182546864,0.8375896318232486
Y62,North West,201812,1865.64,648.28,0.7762030790961482,0.8976849247492361
Y63,North East and Yorkshire,201904,2324.56,717.78,0.820520302455732,0.8764879345737702
Y63,North East and Yorkshire,201906,2477.0899999999997,791.14,0.8743601524632916,0.9660685231668374
Y61,East of England,201907,1262.43,348.72,0.91907705714501,0.9104124904110198
Y56,London,201907,3132.9100000000003,882.85,1.2010546812815157,1.1261307466901003
Y58,South West,201909,1255.13,390.41,0.7687503205984607,0.773126234279567
Y61,East of England,201912,930.21,248.85,0.6772135241770709,0.6496792505126814
Y56,London,201912,2148.66,681.0,0.8237255942501831,0.8686583660825262
Y61,East of England,202001,1182.6200000000001,272.41,0.8609736059194029,0.7111879631591704
Y56,London,202001,2758.2200000000003,901.96,1.0574108554041777,1.150506754584134
Y60,Midlands,202002,2387.5699999999997,751.03,0.863181047956029,0.8924917230938161
Y58,South West,202003,1262.34,411.3,0.7731663490668383,0.8144945574119153
Y58,South West,202004,566.56,184.0,0.347010414569219,0.3643739328076645
Y59,South East,202006,2422.1200000000003,821.89,0.8926265860619507,0.9664544278385533
Y58,South West,202008,1392.76,453.87,0.8530468529289492,0.8987956352359494
Y62,North West,202009,2356.73,723.64,0.9805220099259584,1.002037266220672
Y61,East of England,202011,1256.6599999999999,392.63,0.9148763690912352,1.0250494841422306
Y56,London,202011,2347.12,788.41,0.8998086327182941,1.0056665820897568
Y62,North West,202101,1915.9299999999996,637.3,0.7971263294808659,0.8824807221303884
Y60,Midlands,202107,3822.4400000000005,1201.2,1.3819313213639997,1.4274543730347549
Y60,Midlands,202109,3491.4300000000003,1099.98,1.2622608787449663,1.307168882160148
Y60,Midlands,202111,3870.2900000000004,1185.44,1.399230589299472,1.4087258674411587
Y62,North West,202203,3353.2999999999997,936.27,1.3951468585220692,1.2964698347858445
Y61,East of England,202204,2041.23,611.9,1.4860607410756308,1.597503449422181
Y56,London,202204,2580.3599999999997,745.25,0.9892251795907228,0.9506132853494899
Y61,East of England,202207,1903.1800000000003,534.36,1.385557277328042,1.3950677287681592
Y56,London,202207,3342.7900000000004,998.5,1.281515772250412,1.2736496013706349
Y61,East of England,202208,1979.6299999999999,530.7,1.441214573985073,1.385512470351939
Y56,London,202208,3339.3200000000006,972.13,1.2801854883469335,1.2400130064901707
Y58,South West,202209,2342.25,725.95,1.4345967656113268,1.4375937854441525
Y62,North West,202211,3504.1500000000005,1019.71,1.4579082886380907,1.4120106969458315
Y59,South East,202212,3302.39,930.6,1.2170334713165016,1.0942857201651774
Y59,South East,202301,3976.3799999999997,1151.94,1.465419758015713,1.3545578040909891
Y63,North East and Yorkshire,202302,3837.2000000000003,1065.02,1.3544500914509134,1.3005059768727978
Y60,Midlands,202307,3963.1899999999996,1188.11,1.4328168378095112,1.4118987805080938
Y61,East of England,202308,1892.6399999999999,514.12,1.3778839234135212,1.3422266275811925
Y56,London,202308,3229.8,957.25,1.2381991214567414,1.2210326298568255
Y62,North West,202310,3742.1800000000003,1067.7,1.5569411239746274,1.478463309302708
Y63,North East and Yorkshire,202311,3616.6099999999997,930.3,1.2765865071516436,1.1359981129788772
Y59,South East,202312,2515.53,783.23,0.927051077583447,0.9209944171555684
Y60,Midlands,202401,3388.2300000000005,1032.23,1.2249508588715963,1.2266576985328546
Y61,East of England,202403,1378.41,367.58,1.0035130710924591,0.9596507892443296
Y56,London,202403,2702.66,715.53,1.036110978263755,0.9127035546006314
Y60,Midlands,202408,2860.8,764.47,1.0342684578850498,0.9084632405543449
Y62,North West,202409,2465.02,646.29,1.025576270895557,0.8949293361143084
Y59,South East,202503,2003.0300000000002,608.37,0.7381788807654737,0.7153778246044369
Y60,Midlands,202504,2529.4500000000003,691.42,0.9144750946579067,0.8216537650713371
Y58,South West,202505,1316.79,364.72,0.8065162450589556,0.7222525042044099
Y59,South East,202506,1847.58,609.1,0.6808907188233194,0.7162362262546847
Y61,East of England,202509,1282.56,373.57,0.9337321438906742,0.9752890400402748
Y56,London,202509,2195.3500000000004,636.7,0.8416250050436737,0.8121509275840594
Y59,South East,202510,2079.0299999999997,573.57,0.7661872455618949,0.6744567596337211
Y59,South East,202602,1728.86,459.26,0.6371387047623832,0.540040468346292
Y60,Midlands,202603,2470.47,692.9,0.8931519844628351,0.8234125333631215
Y59,South East,201606,2319.98,712.08,0.8549848179000231,0.8373296535731997
Y62,North West,201607,1756.12,521.88,0.7306370742813874,0.7226565813045773
Y63,North East and Yorkshire,201609,2170.9800000000005,752.5,0.7663098247519297,0.9188848543659089
Y62,North West,201610,1785.65,596.44,0.7429230870843447,0.8259011484504142
Y61,East of England,201702,961.28,287.09,0.6998331737144674,0.7495134258777805
Y56,London,201702,2498.14,803.91,0.9577047350535461,1.0254378077494912
Y59,South East,201705,2263.4600000000005,708.53,0.8341554392382636,0.8331552345891179
Y59,South East,201707,2296.07,775.25,0.8461732389226228,0.9116107936364214
Y63,North East and Yorkshire,201708,2381.17,777.32,0.8405024299646021,0.9491927906919713
Y62,North West,201709,2003.3000000000002,657.59,0.8334767845636423,0.9105766484633958
Y60,Midlands,201712,1338.69,445.8,0.48397820256087015,0.529769530052359
Y63,North East and Yorkshire,201802,2004.0,615.7,0.7073694316865501,0.7518370828346713
Y59,South East,201803,2350.38,821.2,0.8661881638185918,0.9656430618951685
Y62,North West,201805,2061.05,699.96,0.8575037821718638,0.9692471461829385
Y58,South West,201809,1287.93,420.47,0.7888398814532164,0.8326538452589061
Y59,South East,201907,2892.69,943.38,1.0660462731968456,1.1093136285078713
Y62,North West,201908,2387.2000000000003,715.89,0.9931991115211536,0.9913057024414307
Y59,South East,201912,2343.98,881.19,0.8638295646778404,1.0361848632627904
Y59,South East,202001,3181.87,1179.81,1.172618101247229,1.387329932847709
Y61,East of England,202006,1014.32,367.02,0.7384474708327008,0.958188782492121
Y56,London,202006,1943.7100000000003,654.22,0.7451545031787364,0.8344987903942882
Y59,South East,202011,2894.55,968.45,1.0667317410721264,1.1387932577841888
Y58,South West,202012,1553.24,469.76,0.95133870433051,0.9302624928028722
Y63,North East and Yorkshire,202102,2665.3099999999995,877.54,0.9407978143555282,1.071572378870777
Y62,North West,202103,2285.05,799.19,0.9506994092582992,1.1066527040944378
Y63,North East and Yorkshire,202104,3035.45,1044.82,1.0714493719625442,1.2758395661642377
Y60,Midlands,202108,3650.5,1160.39,1.319769646780402,1.3789575257457536
Y63,North East and Yorkshire,202110,4232.01,1202.54,1.493809635025847,1.4684329472015683
Y60,Midlands,202201,3754.33,1092.64,1.3573074313099758,1.2984463421184604
Y59,South East,202204,3647.07,1031.26,1.3440587762905876,1.2126510764856446
Y58,South West,202206,2357.22,714.58,1.443765690184366,1.4150778527483747
Y59,South East,202207,4302.8099999999995,1243.47,1.5857193701275003,1.4621872603200012
Y59,South East,202208,4299.36,1140.26,1.584447937778189,1.3408233776870246
Y61,East of England,202212,1905.7900000000002,520.19,1.3874574152518464,1.3580737364845963
Y56,London,202212,2772.3900000000003,772.98,1.0628431674826475,0.9859846458362277
Y61,East of England,202301,1874.29,579.25,1.3645247161714475,1.5122632343157352
Y56,London,202301,3723.99,1282.35,1.4276553180734688,1.6357181435329329
Y63,North East and Yorkshire,202305,3743.85,943.14,1.3214995243611232,1.151677158201546
Y63,North East and Yorkshire,202306,3615.2599999999998,1065.06,1.2761099858279028,1.3005548212504383
Y59,South East,202308,3508.55,1125.59,1.2930098461379522,1.323573032195059
Y62,North West,202309,2552.0699999999997,714.0,1.0617935893682096,0.9886885855972029
Y61,East of England,202312,1337.01,347.42,0.9733729523010778,0.9070185461648212
Y56,London,202312,2388.41,695.14,0.9156378610683309,0.8866948261359872
Y60,Midlands,202402,3217.14,902.0,1.1630964858082735,1.0718979724253652
Y59,South East,202403,2640.7400000000002,887.11,0.9731948585855513,1.0431461478784982
Y63,North East and Yorkshire,202404,3469.6600000000003,870.32,1.2247162786155468,1.0627559687066284
Y58,South West,202406,1756.9699999999998,470.78,1.0761206016762226,0.932282391778219
Y58,South West,202410,1588.9399999999998,464.84,0.9732044763583995,0.9205194506864933
Y62,North West,202411,2587.0399999999995,652.29,1.0763429245432659,0.9032376435563017
Y60,Midlands,202412,2611.9100000000003,687.68,0.9442869574365704,0.8172093100637197
Y63,North East and Yorkshire,202501,3075.65,857.91,1.0856391180472744,1.047602000543597
Y61,East of England,202503,1074.3500000000001,273.99,0.7821506430802037,0.7153129107814731
Y56,London,202503,2629.26,709.58,1.0079718317175528,0.9051139550731849
Y61,East of England,202506,1250.27,336.89,0.9102243072777829,0.8795275977706137
Y56,London,202506,2140.14,571.01,0.8204593063949563,0.728359197675159
Y60,Midlands,202507,2603.99,782.73,0.9414236303300092,0.930162638532712
Y59,South East,202509,1860.0600000000004,557.61,0.6854899871477846,0.6556895125954273
Y61,East of England,202510,1246.69,351.24,0.9076179878267409,0.9169915207959582
Y56,London,202510,2144.37,660.03,0.822080949308995,0.8419098111093242
Y58,South West,202511,1371.77,330.3,0.8401907589551284,0.6540908152520195
Y61,East of England,202602,1104.3100000000002,277.23,0.8039621879833385,0.723771664133537
Y56,London,202602,1976.18,535.2,0.7576024335377989,0.6826812885864435
Y59,South East,201605,2177.8800000000006,696.44,0.8026165463530301,0.818938692189809
Y58,South West,201607,1278.43,372.71,0.7830212586446743,0.7380750461779599
Y61,East of England,201609,1061.5,295.05,0.7727955578997869,0.7702948075698881
Y56,London,201609,2627.94,824.6,1.007465787120264,1.0518292050978724
Y58,South West,201610,1369.25,510.58,0.8386472926943362,1.0110980576790074
Y60,Midlands,201611,1764.95,503.96,0.6380844920107028,0.5988843704916709
Y63,North East and Yorkshire,201702,2115.2200000000003,616.5,0.7466277291876371,0.7528139703874855
Y61,East of England,201708,1162.31,333.17,0.8461874751789932,0.8698156957737997
Y56,London,201708,2961.55,955.52,1.1353608917425884,1.21882590596061
Y58,South West,201709,1356.8000000000002,512.62,0.8310218343820891,1.015137855629701
Y59,South East,201710,2341.3,789.43,0.8628419012876509,0.9282849517193165
Y61,East of England,201802,1226.73,338.82,0.8930866648538913,0.8845662996130468
Y56,London,201802,2427.88,718.98,0.9307693612615001,0.9171042467636046
Y58,South West,201805,1576.22,536.66,0.9654136466610675,1.0627441020682675
Y62,North West,201809,2073.38,684.45,0.8626337021806841,0.9477701714453859
Y60,Midlands,201901,2350.6600000000003,754.58,0.8498369313520943,0.896710390280191
Y59,South East,201904,2357.86,747.33,0.8689447765643448,0.878779870246123
Y59,South East,201906,2688.77,872.38,0.990895408074658,1.0258252488262385
Y58,South West,201908,1659.48,484.5,1.0164092819283528,0.959452013289747
Y63,North East and Yorkshire,202006,2317.03,752.9,0.8178623724055326,0.919373298142316
Y60,Midlands,202010,3234.37,1182.26,1.169325668389845,1.40494689232773
Y62,North West,202012,2084.91,723.79,0.8674307806641957,1.0022449739067218
Y61,East of England,202102,1138.3,358.82,0.8287076623243782,0.9367808264776385
Y56,London,202102,2054.4300000000003,663.57,0.7876009106119182,0.8464253039374184
Y58,South West,202103,1805.6200000000001,599.7,1.1059180753220723,1.1875817799171544
Y61,East of England,202104,1203.8400000000001,360.26,0.8764222368554683,0.9405402724118891
Y56,London,202104,2766.5299999999997,866.9,1.060596636164381,1.1057855177047606
Y60,Midlands,202106,4025.8000000000006,1118.42,1.4554523062617568,1.3290821843902185
Y61,East of England,202110,2328.07,586.27,1.694886626923935,1.5305905332452068
Y56,London,202110,2684.14,836.5,1.0290110192169475,1.0670084041527652
Y62,North West,202206,3171.02,863.46,1.3193089169804826,1.195648523977256
Y63,North East and Yorkshire,202212,3574.64,1022.15,1.2617719886646754,1.248157015136364
Y63,North East and Yorkshire,202301,4060.94,1213.13,1.4334255588389115,1.481364496181947
Y59,South East,202302,3419.7,978.22,1.260265856504241,1.1502817291854501
Y60,Midlands,202303,4677.02,1402.94,1.690888654536331,1.667193504916233
Y61,East of England,202305,2171.58,543.2,1.5809584339368998,1.418146549642309
Y56,London,202305,3195.45,938.27,1.2250304609136613,1.1968224451457443
Y61,East of England,202306,1526.52,411.38,1.111340438101915,1.0740006030777853
Y56,London,202306,2637.97,749.08,1.0113109593254193,0.9554986914318631
Y58,South West,202309,1808.6599999999999,468.14,1.1077800346208055,0.9270544179596742
Y59,South East,202311,3264.74,982.81,1.2031582748088006,1.1556790765479668
Y63,North East and Yorkshire,202312,2662.1900000000005,697.48,0.9396965206295496,0.8516994129211085
Y61,East of England,202404,1505.7100000000003,395.94,1.0961902962649914,1.0336909883383205
Y56,London,202404,3001.92,864.79,1.1508374223429998,1.103094079889145
Y60,Midlands,202405,3110.15,830.18,1.124416262685678,0.9865501759956649
Y62,North West,202406,2872.98,863.48,1.1953088067267272,1.195676218335396
Y62,North West,202410,2522.7700000000004,676.46,1.0496032685037788,0.9367062753684647
Y58,South West,202411,1382.0,363.35,0.8464564969900111,0.7195395026394832
Y61,East of England,202501,1214.5500000000002,304.99,0.8842193545428039,0.7962454274215901
Y56,London,202501,2440.18,715.13,0.9354847768271443,0.9121933294223156
Y63,North East and Yorkshire,202503,2762.79,725.55,0.9752061837172075,0.8859759549304786
Y63,North East and Yorkshire,202506,2734.0599999999995,625.97,0.9650651039904835,0.7643778767939243
Y63,North East and Yorkshire,202510,2397.2300000000005,553.95,0.8461712688233278,0.676433574851821
Y62,North West,202511,2115.2400000000002,532.25,0.8800496349924618,0.7370161060001558
Y63,North East and Yorkshire,202602,2501.66,537.82,0.8830328405553767,0.6567370795682036
Y58,South West,201605,1129.29,306.47,0.6916750054166785,0.6069004303672009
Y62,North West,201606,2034.3200000000002,582.92,0.846382714707487,0.8071797623477891
Y59,South East,201607,2364.2700000000004,722.63,0.8713070610162537,0.8497353212582873
Y59,South East,201610,1851.0299999999997,567.0,0.6821621511726306,0.6667311447814911
Y63,North East and Yorkshire,201703,2293.25,716.99,0.8094685375325255,0.8755232581153661
Y63,North East and Yorkshire,201704,1899.12,629.12,0.670349019513254,0.7682243715331304
Y62,North West,201705,2144.53,651.67,0.8922357953378265,0.9023791184539623
Y62,North West,201707,2130.8,633.83,0.886523402659716,0.8776757509931024
Y59,South East,201709,2105.27,709.68,0.7758575020389752,0.834507511161426
Y58,South West,201710,1159.13,417.73,0.7099516059016148,0.8272278421290528
Y60,Midlands,201801,2258.98,687.79,0.8166917509064492,0.8173400293286497
Y62,North West,201803,2029.4199999999996,603.89,0.844344060364971,0.8362172968575557
Y59,South East,201805,2583.8999999999996,854.45,0.9522475499667538,1.0047414932249472
Y60,Midlands,201806,2082.0199999999995,583.73,0.7527151896972283,0.6936796047049429
Y61,East of England,201812,938.2300000000001,267.49,0.6830522621651599,0.6983431895504808
Y56,London,201812,1926.6900000000003,539.5,0.738629594810666,0.6881662092533375
Y58,South West,201904,1463.94,475.9,0.8966436499302148,0.9424214925172149
Y58,South West,201906,1448.6100000000001,474.28,0.8872542301770623,0.939213417674017
Y62,North West,201907,2778.92,894.06,1.1561749643885573,1.2380208919314217
Y59,South East,201908,2728.52,919.63,1.0055445199254178,1.0813861775580293
Y63,North East and Yorkshire,201909,2420.26,799.71,0.8543003696275898,0.9765334310763601
Y62,North West,201912,1867.4,623.27,0.7769353304518273,0.8630531298951941
Y62,North West,202001,2476.54,812.85,1.0303691888600022,1.1255679507040424
Y63,North East and Yorkshire,202003,2267.69,693.6,0.8004464004696971,0.8469615082899594
Y63,North East and Yorkshire,202004,1321.11,454.27,0.46632376741288334,0.5547133857711647
Y63,North East and Yorkshire,202008,2376.85,830.5,0.838977561728631,1.014131390765299
Y61,East of England,202009,983.5200000000001,319.25,0.716024387287422,0.8334743850760439
Y56,London,202009,2300.2,690.43,0.8818210474873973,0.8806869246613194
Y62,North West,202011,2391.1100000000006,807.94,0.9948258744760999,1.118768985780678
Y61,East of England,202101,1425.4299999999998,453.4,1.0377446746086605,1.1837033240202923
Y56,London,202101,1974.22,663.24,0.7568510339842491,0.8460043681653079
Y59,South East,202103,3160.1200000000003,1073.4,1.1646025494798322,1.2622031936657012
Y60,Midlands,202105,3206.8500000000004,1019.96,1.1593763297569464,1.2120765587083988
Y61,East of England,202203,2445.0,647.09,1.7800142619547612,1.68937490944043
Y56,London,202203,3239.0299999999997,972.47,1.24173759996657,1.240446697891739
Y62,North West,202204,2875.91,751.2,1.1965278388131704,1.0402000917375613
Y62,North West,202207,3443.4399999999996,930.45,1.4326497773862266,1.2884107765671111
Y62,North West,202208,2961.34,825.65,1.232071153197073,1.143292339913628
Y63,North East and Yorkshire,202209,4544.660000000001,1251.07,1.6041684438166655,1.527693388374163
Y60,Midlands,202210,4433.68,1271.54,1.602913652249646,1.5110434011726708
Y61,East of England,202211,2264.36,597.24,1.6485043330060873,1.5592302012304353
Y56,London,202211,3509.8899999999994,1074.81,1.3455764178617253,1.3709878097638177
Y58,South West,202302,2026.62,577.46,1.2412776164471029,1.1435400610821411
Y62,North West,202308,2644.83,729.28,1.100386564227753,1.0098470752161457
Y59,South East,202309,3167.96,934.63,1.1674918334272526,1.0990245676316137
Y61,East of England,202310,1610.5,468.91,1.172479741872451,1.224195689603783
Y56,London,202310,2833.88,822.54,1.0864164116396773,1.0492015454295462
Y58,South West,202311,1766.8600000000001,498.09,1.0821780942632209,0.9863641966965739
Y62,North West,202403,2726.46,700.75,1.1343488813664393,0.9703410733294676
Y60,Midlands,202407,3290.71,864.64,1.1896943362160626,1.0275009566273479
Y61,East of England,202409,1431.86,320.59,1.042425857309834,0.8369727583759715
Y56,London,202409,2886.3100000000004,795.72,1.1065163496971353,1.0149909472234768
Y59,South East,202411,2400.89,717.03,0.8848026704747396,0.8431503222974824
Y63,North East and Yorkshire,202505,2585.64,654.68,0.9126759966796464,0.7994359288455458
Y60,Midlands,202508,2352.42,631.45,0.8504732262646633,0.7503879985454512
Y62,North West,202509,2052.3300000000004,559.88,0.8538758095459992,0.7752758617705349
Y60,Midlands,202512,1964.6300000000003,591.44,0.7102750420912701,0.7028418368195767
Y61,East of England,201605,1105.63,289.4,0.8049231772781361,0.7555442037306409
Y56,London,201605,2927.7400000000002,872.27,1.1223992494438542,1.1126352907236492
Y63,North East and Yorkshire,201606,1925.0500000000002,535.51,0.6795017587166634,0.6539163167594523
Y59,South East,201609,2118.4900000000002,625.09,0.7807294833890897,0.7350387500731257
Y60,Midlands,201701,1958.7199999999998,609.9,0.7081383926973589,0.7247789061887254
Y62,North West,201703,2076.73,652.71,0.8640274760679143,0.9038192250772413
Y62,North West,201704,1856.33,556.13,0.7723296358453681,0.770083169619289
Y63,North East and Yorkshire,201705,2152.0600000000004,652.82,0.7596314666443899,0.7971646652852528
Y63,North East and Yorkshire,201707,2055.6099999999997,608.22,0.725586665403787,0.742703184215858
Y59,South East,201708,2479.38,794.95,0.9137286777493596,0.9347758792663957
Y61,East of England,201710,1106.44,395.11,0.8055128752544892,1.03152408547344
Y56,London,201710,2529.2599999999998,905.91,0.9696351198017453,1.1555452282200018
Y59,South East,201802,2482.7599999999998,849.29,0.9149743129205687,0.9986738870396341
Y63,North East and Yorkshire,201803,2018.7199999999998,643.36,0.7125652790091179,0.7856129699732242
Y60,Midlands,201808,2302.0,707.25,0.8322448231443598,0.8404654556517069
Y58,South West,201812,1224.0700000000002,385.6,0.7497264864475854,0.7636010244056274
Y61,East of England,201904,1095.87,263.65,0.7978176806741775,0.6883180003924791
Y56,London,201904,2553.29,743.39,0.9788474316751139,0.9482407382703217
Y61,East of England,201906,1190.3500000000001,351.06,0.8666012174715134,0.9165215900541769
Y56,London,201906,2563.7799999999997,682.03,0.982868952755082,0.8699721959166892
Y63,North East and Yorkshire,201907,2740.22,907.87,0.9672394531417756,1.1086086282168475
Y62,North West,201909,2428.57,815.42,1.0104111788986796,1.1291266757250296
Y60,Midlands,201910,2937.45,1042.53,1.0619798243898346,1.238897775158111
Y63,North East and Yorkshire,201912,2221.46,706.49,0.7841281924722573,0.8627016089846791
Y63,North East and Yorkshire,202001,2996.78,956.42,1.0577996833780539,1.1678934915782626
Y62,North West,202003,1689.89,596.23,0.7030819565048936,0.8256103576899443
Y62,North West,202004,1045.26,347.82,0.4348824159302115,0.48163258241235163
Y60,Midlands,202007,2603.4399999999996,950.44,0.9412247881698314,1.1294619832726878
Y62,North West,202008,1953.79,674.45,0.8128780546661002,0.933922992375397
Y58,South West,202009,1725.22,608.31,1.0566741517634637,1.2046321036208174
Y63,North East and Yorkshire,202011,2625.71,758.73,0.9268198555257942,0.92649236618345
Y58,South West,202101,1380.55,509.95,0.8455683914034441,1.0098504730177638
Y59,South East,202102,2715.12,827.78,1.00060620297447,0.973380435674114
Y59,South East,202104,2760.1899999999996,890.3,1.017215900360979,1.0468972455008139
Y59,South East,202110,3655.92,1133.99,1.3473202766649077,1.3334505306362665
Y58,South West,202203,2655.73,852.2,1.6265990685609857,1.6876057909711506
Y63,North East and Yorkshire,202204,3649.86,1071.94,1.288323050866004,1.3089560542046412
Y63,North East and Yorkshire,202207,4006.1899999999996,1108.84,1.414099971820529,1.3540149925781986
Y63,North East and Yorkshire,202208,4202.07,1207.04,1.4832414510015477,1.4739279396861484
Y62,North West,202209,3089.87,874.58,1.2855463047569815,1.2110465871030835
Y58,South West,202211,2377.2000000000003,689.82,1.4560031726806473,1.3660457952683867
Y61,East of England,202302,2059.66,592.72,1.4994781900931464,1.5474297181590377
Y56,London,202302,3528.42,1159.89,1.3526802105797247,1.4795127051915733
Y59,South East,202305,3785.3699999999994,1084.83,1.3950266295977596,1.2756436469017722
Y59,South East,202306,3247.76,943.37,1.196900616463495,1.1093018695811556
Y63,North East and Yorkshire,202308,3427.0299999999997,919.98,1.2096687941480826,1.1233962635475734
Y58,South West,202310,1734.74,518.95,1.0625050243042344,1.02767311103553
Y61,East of England,202311,1816.2399999999998,505.65,1.3222630278661411,1.320113775454038
Y56,London,202311,2878.44,896.34,1.103499250469361,1.1433380908287982
Y63,North East and Yorkshire,202403,3309.37,890.2,1.1681373134433723,1.0870316243940628
Y59,South East,202404,2822.8,936.87,1.0402896335176102,1.1016585672159358
Y58,South West,202409,1472.48,387.53,0.9018742855917884,0.7674229901138816
Y59,South East,202501,2533.89,758.56,0.9338173088684771,0.8919851449478797
Y62,North West,202505,1846.23,561.88,0.7681275115883458,0.7780452975845327
Y63,North East and Yorkshire,202509,2608.2799999999997,704.79,0.9206674357681611,0.8606257229349488
Y60,Midlands,202601,2075.0299999999997,546.09,0.7501880866069681,0.6489498489598312
Y58,South West,201604,1037.85,369.62,0.6356692296679327,0.731955940458527
Y60,Midlands,201606,1939.6499999999999,556.05,0.7012439927071926,0.6607858842207587
Y61,East of England,201608,1287.6100000000001,376.1,0.9374086559654684,0.9818941776886457
Y56,London,201608,2709.94,767.81,1.038901890891226,0.9793899854064969
Y63,North East and Yorkshire,201701,2073.48,666.79,0.7318943958150839,0.8142235641762716
Y60,Midlands,201705,2261.74,676.02,0.8176895770193415,0.8033530679811479
Y60,Midlands,201707,2191.25,709.81,0.7922052427085484,0.8435076494537123
Y59,South East,201712,1513.93,472.2,0.5579303120558721,0.5552565195164375
Y62,North West,201801,1865.3600000000001,593.04,0.7760865845622901,0.8211931075666178
Y60,Midlands,201803,2298.8,714.83,0.8310879233033251,0.8494732013623325
Y62,North West,201806,2107.2400000000002,629.4,0.8767212197393748,0.8715414506650973
Y61,East of England,201807,1074.83,337.06,0.7825000937328572,0.8799714212489628
Y56,London,201807,2351.3399999999997,665.16,0.9014264419611411,0.8484534490212233
Y63,North East and Yorkshire,201808,2295.34,701.63,0.8102062631374282,0.8567670171013324
Y61,East of England,201810,1119.82,269.82,0.8152538121972108,0.7044261819302057
Y56,London,201810,2729.2,823.77,1.0462855416062102,1.0507704878528672
Y58,South West,201902,1387.1000000000001,467.19,0.8495801787082811,0.9251731395022434
Y58,South West,201905,1647.9499999999998,476.74,1.0093473112986169,0.9440849387322064
Y60,Midlands,201907,3145.58,1040.26,1.1372253131131342,1.236200204872739
Y63,North East and Yorkshire,201910,3141.05,949.13,1.1087239288418356,1.1589916037532426
Y58,South West,201911,1481.7500000000002,444.71,0.9075520364797027,0.8806561503200896
Y60,Midlands,201912,2093.38,698.02,0.7568221841329018,0.8294969209671325
Y60,Midlands,202001,2897.99,1000.56,1.0477138032250752,1.1890224338025759
Y61,East of England,202002,1059.1899999999998,268.45,0.7711138266338909,0.7008494868399812
Y56,London,202002,2513.99,876.96,0.9637811038922016,1.118617680939401
Y58,South West,202005,1022.1199999999999,365.79,0.6260348152702099,0.7243714178354109
Y63,North East and Yorkshire,202007,2452.41,792.63,0.8656486367077906,0.967887976233954
Y60,Midlands,202011,2831.91,909.2,1.023823821507708,1.0804541424935057
Y62,North West,202105,2701.92,817.4,1.124138967577595,1.1318684171808873
Y61,East of England,202107,1999.2100000000003,578.69,1.455469248524572,1.5108012275635267
Y56,London,202107,3200.2100000000005,1055.06,1.2268552884008541,1.3457954415844788
Y59,South East,202108,3574.1500000000005,1027.14,1.317185487330653,1.2078063986787668
Y61,East of England,202109,1995.88,538.11,1.4530449346217869,1.4048579525552702
Y56,London,202109,2710.81,921.74,1.0392354202848935,1.1757373896518468
Y61,East of England,202111,2405.38,683.15,1.7511700226669709,1.7835177013772887
Y56,London,202111,2709.61,894.38,1.0387753797419037,1.140837987455051
Y58,South West,202112,2403.57,763.11,1.4721544446239372,1.511181477526396
Y59,South East,202201,3843.7200000000007,1158.7,1.4165304202013282,1.362506838550818
Y58,South West,202202,2457.57,835.87,1.505228721640913,1.6552676044344703
Y60,Midlands,202204,3555.39,952.88,1.2853844143176478,1.132361574240224
Y58,South West,202205,2802.0,838.38,1.7161874852141903,1.660238140148314
Y60,Midlands,202207,3725.1,1123.7,1.3467398743245242,1.3353567091068548
Y60,Midlands,202208,4125.139999999999,1143.21,1.4913668157018782,1.3585415532776075
Y62,North West,202210,3309.6299999999997,880.87,1.3769778717592807,1.2197564627381066
Y58,South West,202304,1959.45,609.22,1.2001368907576535,1.206434170353725
Y61,East of England,202307,1990.8199999999997,551.67,1.4493611423250623,1.4402594017694632
Y56,London,202307,3263.8999999999996,1003.08,1.2512719402200314,1.2794916796623501
Y60,Midlands,202308,3702.23,1168.01,1.338471655773129,1.3880128057345353
Y61,East of England,202401,1495.03,439.23,1.0884150192434465,1.1467093317367292
Y56,London,202401,2920.5299999999997,1030.68,1.1196351725147242,1.3146972169661353
Y59,South East,202402,2727.2000000000003,943.37,1.005058058852638,1.1093018695811556
Y60,Midlands,202403,3171.7599999999998,956.12,1.1466901999375996,1.1362118507708872
Y62,North West,202407,3095.1899999999996,902.92,1.2877597009002841,1.2502894925874317
Y61,East of England,202408,1474.0399999999997,380.84,1.0731338334117775,0.9942690205555538
Y56,London,202408,3100.95,864.19,1.1888022681532235,1.1023287421216716
Y59,South East,202412,2025.4100000000003,652.24,0.7464266071357882,0.7669642361063135
Y61,East of England,202504,1141.2200000000003,296.63,0.8308334871280217,0.7744197551921908
Y56,London,202504,2065.06,675.61,0.7916761030885683,0.8617830818047217
Y59,South East,202507,2103.0699999999997,622.44,0.7750467335843418,0.7319226344934592
Y62,North West,202508,1697.62,423.81,0.7062980377431888,0.5868572961651968
Y60,Midlands,202509,2850.7,862.33,1.0306169927617839,1.0247558520638196
Y62,North West,202512,1745.0699999999997,449.32,0.7260397007130609,0.6221814499727383
Y63,North East and Yorkshire,202601,2213.6099999999997,517.09,0.7813573092193932,0.6314234808559042
Y61,East of England,202603,1195.8700000000001,322.43,0.8706198999770309,0.841776494847514
Y56,London,202603,2237.13,604.67,0.8576420832820979,0.7712946464304274
Y62,North West,201604,1912.9100000000003,614.09,0.7958698527228258,0.8503414195089444
Y60,Midlands,201605,1629.73,442.31,0.589198243102979,0.5256221642832187
Y63,North East and Yorkshire,201608,2097.9900000000002,624.63,0.7405459051816694,0.7627415901429604
Y59,South East,201611,1887.6399999999996,651.56,0.6956540753199594,0.7661646290896442
Y61,East of England,201701,1123.76,339.73,0.8181222196377433,0.8869420605853858
Y56,London,201701,2556.81,826.81,0.9801968839345503,1.0546481992080667
Y60,Midlands,201710,1728.82,589.81,0.6250223697430201,0.7009048149847058
Y58,South West,201801,1550.75,493.81,0.9498136126680605,0.9778885421725697
Y58,South West,201806,1488.9099999999999,541.43,0.9119374406175089,1.0721901002176837
Y63,North East and Yorkshire,201807,2562.48,796.17,0.9045010086368019,0.972210703655157
Y61,East of England,201808,967.16,222.63,0.7041139442094752,0.5812260057932017
Y56,London,201808,2794.7200000000003,803.26,1.0714037552534474,1.0246086918347284
Y63,North East and Yorkshire,201810,2117.69,686.98,0.7474995867207038,0.8388777637904214
Y59,South East,201901,2631.04,874.33,0.96962010676285,1.0281182395358044
Y62,North West,201902,2095.09,650.99,0.8716661890737489,0.9014375102772032
Y60,Midlands,201904,2194.3700000000003,708.9,0.7933332200535573,0.8424262446256557
Y62,North West,201905,2630.08,940.85,1.094249798604874,1.3028118427998996
Y60,Midlands,201906,2271.12,751.5,0.8210807396783746,0.8930502508621531
Y61,East of England,201910,1136.18,289.27,0.8271642552751578,0.7552048093060211
Y56,London,201910,2986.8199999999997,899.99,1.1450485788437128,1.1479938955809292
Y62,North West,201911,2573.5399999999995,852.68,1.0707262238036817,1.180721264939808
Y63,North East and Yorkshire,202002,2517.04,747.59,0.8884616538584402,0.9128892070105115
Y62,North West,202005,1511.98,500.24,0.6290621617953056,0.6926912857971215
Y61,East of England,202007,865.7700000000001,360.97,0.6302997740583124,0.9423938881155821
Y56,London,202007,1999.5300000000002,631.95,0.76655405577014,0.8060920035915602
Y59,South East,202010,2844.78,949.59,1.0483899474416278,1.1166159219983354
Y58,South West,202105,1986.46,637.84,1.2166801541322558,1.2631101592502214
Y59,South East,202106,3752.2499999999995,1165.98,1.3828208790443717,1.371067337199864
Y63,North East and Yorkshire,202107,4030.36,1198.38,1.4226314684092836,1.4633531319269342
Y63,North East and Yorkshire,202109,3949.32,1177.38,1.3940260698344942,1.43770983366556
Y63,North East and Yorkshire,202111,4120.43,1200.65,1.4544242651717625,1.4661250503580447
Y62,North West,202112,2740.3,809.6,1.1401070397542798,1.1210676175062961
Y62,North West,202202,3148.2999999999993,894.37,1.3098562176617152,1.2384501544825914
Y62,North West,202205,3380.59,1020.47,1.4065009150541623,1.4130630825551507
Y58,South West,202210,2708.77,800.6,1.659085358430993,1.5854226663359579
Y60,Midlands,202302,3894.1600000000003,1210.2,1.4078603390511903,1.4381495856199304
Y59,South East,202303,3907.25,1160.88,1.4399432019844418,1.3650702845748455
Y62,North West,202304,2851.52,813.4,1.1863803328103215,1.1263295455528919
Y63,North East and Yorkshire,202307,3736.6500000000005,999.69,1.3189580773011715,1.2207308970911037
Y60,Midlands,202311,3421.48,1013.25,1.2369717712823476,1.2041026835476734
Y63,North East and Yorkshire,202401,3502.44,1007.13,1.2362869223134934,1.2298159513322762
Y59,South East,202405,2887.7899999999995,861.73,1.0642404707297077,1.0133019918739934
Y58,South West,202407,1700.17,471.55,1.0413313621472555,0.9338072174752946
Y63,North East and Yorkshire,202408,2738.3500000000004,607.45,0.966579382863705,0.7417629299462744
Y63,North East and Yorkshire,202504,2837.6200000000003,749.37,1.0016195842027888,0.9150627818155231
Y58,South West,202508,1131.9699999999998,303.26,0.6933164695352986,0.6005436894741975
Y58,South West,202512,1295.37,363.49,0.7933967818422218,0.7198167436753151
Y61,East of England,202601,1091.47,265.91,0.7946143830248521,0.6942182419281782
Y56,London,202601,1980.66,556.74,0.7593199182316271,0.7101569144387454
Y63,North East and Yorkshire,202603,2846.4700000000003,688.88,1.0047434462139793,0.8411978717283553
